'm	1
're	1
's	1
a	1
a.m.	1
abandon	3
abandoned	4
aberration	6
abhor	6
abhorrent	6
abhorrently	6
ability	2
abject	6
able	3
abnormal	3
abnormally	4
aboard	3
abolish	4
aboriginal	4
aborigine	3
abound	5
about	1
above	1
abroad	2
abruptly	4
absence	3
absent	3
absentee	4
absolute	3
absolutely	3
absorb	3
abstract	3
abstraction	5
absurd	4
abundance	3
abundant	3
abundantly	6
abuse	4
academic	3
academy	3
accent	3
accept	2
acceptable	2
acceptance	3
access	3
accessibility	4
accessible	3
accessory	3
accident	2
accidental	3
accidentally	3
accommodation	4
accompany	3
accomplish	3
according to	3
accordingly	4
account	2
accountability	6
accountant	3
accrue	6
accumulate	4
accuracy	3
accurate	3
accurately	3
accusation	4
accuse	3
accustom	3
accustomed	5
ache	3
achievable	4
achieve	2
achievement	3
acid	4
acidic	5
acknowledge	3
acknowledgement	3
acknowledgment	3
acoustic	5
acoustically	5
acoustics	5
acquaintance	3
acquire	3
acquisition	4
acre	5
acreage	6
acrobatic	6
acrobatically	6
acrobatics	6
across	2
act	2
action	1
active	3
actively	4
activity	1
actor	1
actress	3
actual	4
actually	2
acute	4
acutely	5
ad	3
ad lib	6
ad-lib	6
adapt	3
adaptable	4
add	1
addict	4
addicted	4
addiction	4
addition	2
additional	2
additionally	4
additive	6
address	1
addressee	3
adept	6
adequate	4
adequately	4
adhere	6
adhesion	6
adjective	2
adjoin	5
adjoining	5
adjust	2
adjustable	5
adjustment	4
administration	3
administrative	4
admirable	4
admiration	3
admire	2
admiringly	4
admission	3
admit	2
admittedly	4
adopt	3
adopted	4
adoption	4
adorable	3
adore	4
adorn	4
adornment	6
adrenaline	5
adult	2
adulterate	6
advance	3
advanced	2
advancement	4
advantage	2
advantageous	5
advent	4
adventure	2
adventurous	4
adverb	3
adverbial	3
adversary	5
adverse	4
adversely	4
adversity	4
advert	3
advertise	3
advertisement	2
advertising	2
advice	2
advise	2
adviser	3
advisor	3
advisory	5
aerobics	3
aeroplane	1
aesthetic	5
aesthetically	5
affair	2
affect	3
affectation	6
affection	3
affectionate	4
affectionately	4
afford	3
affordable	4
afraid	1
after	1
afternoon	1
afterward	3
afterwards	3
again	1
against	2
age	1
aged	2
ageless	4
agency	2
agenda	3
agent	2
aggressive	3
aggressively	4
aghast	6
agile	6
agility	6
ago	1
agonise	4
agonize	4
agony	4
agree	1
agreeable	5
agreement	3
agricultural	3
agriculture	3
ahead	2
aid	3
aim	3
aimless	5
aimlessly	5
air	2
air conditioning	3
air force	3
aircraft	4
aircrew	4
airline	3
airplane	1
airport	1
aisle	2
alarm	2
alarm clock	2
album	1
alcohol	3
alcoholic	3
alcoholism	4
alert	4
alienate	5
align	5
alignment	5
alike	3
alive	2
all	1
all right	1
all-encompassing	6
allegation	4
allege	5
allegorical	6
allegory	6
allergic	3
alleviate	5
alliance	4
allot	6
allotment	6
allow	2
allowance	3
allude	6
allusion	6
ally	4
almost	1
alone	1
along	1
alongside	4
aloud	3
alphabet	3
alphabetical	4
already	1
alright	2
also	1
altar	4
alter	4
alternate	4
alternative	3
alternatively	4
although	2
altitude	4
altogether	3
altruism	5
altruistic	5
aluminium	4
aluminum	4
always	1
am	1
amateur	5
amaze	4
amazed	3
amazement	4
amazing	3
amazingly	4
ambassador	4
ambiguity	4
ambiguous	4
ambition	2
ambitious	3
ambulance	3
amid	5
ammonia	4
among	2
amongst	4
amorphous	6
amorphously	6
amount	3
ample	4
amplification	5
amplifier	4
amplify	4
amply	5
amuse	4
amused	2
amusement	2
amusing	3
an	1
analogy	4
analyse	3
analysis	3
analyst	4
analyze	3
anarchic	6
ancestor	2
anchor	4
anchorage	4
anchored	5
anchorman	4
anchorperson	4
ancient	2
and	1
angel	2
anger	3
angle	3
angrily	2
angry	1
angst	6
angsty	6
anguish	4
angular	6
angularity	6
animal	1
animate	4
animated	3
animatedly	5
animation	3
ankle	2
annex	6
anniversary	2
announce	3
announcement	3
annoy	2
annoyance	3
annoyed	3
annoying	2
annual	3
annually	3
anonymity	6
anonymous	4
another	1
answer	1
ant	3
antediluvian	6
anthology	6
anthropological	6
anthropologically	6
anthropologist	5
anthropology	5
anti	3
antiaircraft	4
antibacterial	4
anticancer	4
anticipate	4
anticipation	4
anticlimactic	5
anticlimactically	6
antics	5
antidote	6
antipollution	4
antiquated	5
antique	3
antiquity	5
antistatic	4
antithesis	6
antithetical	6
antivirus	4
antonym	3
anxiety	3
anxious	2
anxiously	3
any	1
anybody	1
anyhow	3
anymore	2
anyone	1
anything	1
anyway	2
anywhere	2
apart	2
apartment	2
ape	3
apologise	2
apologize	2
apology	3
apostle	6
apostrophe	4
appal	5
appall	5
appalling	5
appallingly	5
apparent	3
apparently	2
appeal	3
appear	2
appearance	2
appetite	3
applaud	3
applause	3
apple	1
appliance	5
applicant	4
application	3
apply	2
appoint	3
appointment	2
appreciate	2
appreciation	3
appreciative	4
apprehend	6
apprehensive	5
apprentice	5
apprenticeship	5
approach	3
appropriate	2
appropriately	4
approval	3
approve	3
approximate	4
approximately	3
april	1
apron	1
apt	5
apt to	5
aptitude	6
aqua	5
aquarium	5
arcane	6
arcanely	6
arch	4
archaeologist	4
archeologist	4
archetypal	6
archetype	6
architect	3
architecture	2
archival	6
arctic	4
ardor	6
ardour	6
arduous	6
arduously	6
are	1
area	2
arena	4
argue	2
argument	2
arise	3
aristocracy	4
arithmetic	3
arm	1
armchair	2
armed	2
armful	4
armory	6
armoury	6
army	3
around	1
arouse	4
arrange	3
arrangement	3
arrest	3
arrival	3
arrive	1
arrogant	4
arrow	3
art	1
artery	4
article	1
articulate	4
articulation	6
artifact	6
artifice	6
artificial	2
artificially	4
artist	3
artistic	3
artistically	5
artistry	4
as	1
ash	4
ashamed	3
aside	3
ask	1
asleep	2
aspect	3
aspiration	4
aspire	4
aspirin	3
assault	4
assemble	4
assembly	4
assert	4
assertion	5
assess	4
assessment	4
assign	3
assignment	3
assimilate	6
assimilation	6
assist	3
assistance	3
assistant	2
associate	3
association	2
assume	3
assumption	4
assurance	4
assure	4
astonish	4
astonished	4
astonishing	4
astonishment	4
astray	5
astringent	6
astronaut	2
astronomer	3
astronomy	4
at	1
athlete	2
athletic	3
athleticism	6
athletics	4
atlantic	3
atmosphere	3
atmospheric	5
atom	2
atomic	3
attach	3
attached	4
attachment	3
attack	2
attain	3
attainable	4
attainment	4
attempt	2
attend	3
attendance	4
attention	2
attentive	4
attentively	4
attitude	2
attract	3
attraction	3
attractive	2
attractiveness	4
attribute	4
attributive	6
attrition	6
attuned	6
atypical	4
aubergine	4
audience	2
audio	2
audit	4
audition	4
august	1
aunt	1
austere	6
austerely	6
austerity	6
authenticity	6
author	2
authorise	4
authoritative	4
authority	3
authorize	4
automate	6
automatic	2
automatically	2
autonomous	6
autonomously	6
autopilot	6
autumn	1
auxiliary	3
availability	4
available	3
avenue	3
average	2
averse	6
avian	6
avid	5
avoid	2
await	4
awake	1
award	2
aware	3
awareness	3
away	1
awe	4
awesome	3
awful	2
awkward	3
ax	4
axe	4
axiom	6
axiomatic	6
axis	4
babble	6
baby	1
babysit	3
babysitter	3
back	1
backache	3
background	2
backpack	3
backpacker	3
backpacking	3
backup	4
backward	4
backwards	4
backyard	4
bacon	3
bad	1
bad-tempered	4
badge	4
badly	2
badminton	2
bag	1
baggage	3
bake	2
baker	3
bakery	3
balance	3
balanced	4
balcony	2
bald	3
baldly	5
balky	4
ball	1
ballad	4
ballet	4
balloon	2
ballot	4
ban	4
banana	1
band	1
bandage	3
bang	3
banish	6
banishment	6
bank	1
bank account	3
banker	4
banking	2
bankrupt	4
bankruptcy	4
bar	1
barbecue	2
barber	2
barbershop	4
bare	3
barely	3
bargain	2
bark	3
barley	4
barman	3
barn	4
barometer	4
baroque	6
barrel	3
barren	4
barrier	4
bartender	4
base	2
baseball	1
basement	3
basic	2
basically	2
basin	3
basis	3
basket	2
basketball	1
bat	1
batch	2
bath	1
bathe	3
bathhouse	4
bathroom	1
batter	5
battered	5
battery	2
battle	3
battlefield	4
bauble	6
bay	2
be	1
beach	1
beagle	4
beak	4
beam	4
bean	1
bear	1
beard	3
bearded	5
bearing	4
beast	3
beat	3
beautiful	1
beautifully	3
beautify	4
beauty	2
beaver	3
because	1
because of	3
become	1
bed	1
bedroom	1
bedside	3
bee	1
beef	1
been	2
beer	2
before	1
beforehand	5
beg	2
begin	1
beginner	2
beginning	2
beguiling	5
beguilingly	5
behalf	3
behave	3
behavior	2
behaviour	2
behest	6
behind	1
being	2
belief	3
believably	5
believe	1
bell	1
belligerence	6
belligerent	6
bellow	4
belly	2
belong	2
belongings	4
beloved	3
below	1
belt	2
bench	2
bend	2
beneath	3
beneficial	4
beneficiary	6
benefit	3
benevolence	4
benevolent	4
benign	5
benignly	5
bent	3
bequeath	5
bereft	6
bereftly	6
berry	4
beside	1
besides	2
besiege	6
best	1
bestow	4
bestseller	4
bet	3
betray	4
better	1
between	1
bewilder	4
bewilderment	4
beyond	2
bicycle	1
bid	4
bidding	4
big	1
bike	1
bikini	4
bilingual	3
bill	2
billiards	5
billion	4
bin	3
bind	4
bio	4
biochemistry	3
biography	3
biological	4
biology	3
biotechnology	4
bird	1
birdcage	4
birth	1
birthday	1
birthplace	4
biscuit	1
bishop	3
bit	2
bite	2
bitter	3
bitterly	4
bizarre	4
black	1
blackboard	2
blade	4
blame	2
blandishment	6
blank	1
blanket	2
blankness	5
blast	4
blaze	4
bleed	3
blend	3
bless	3
blessing	3
blight	6
blind	3
blindly	4
blindness	4
blink	4
bliss	5
blister	5
blithely	5
blitz	6
block	1
blockbuster	5
blog	3
blogger	3
blonde	2
blood	2
bloodstream	4
bloody	4
bloom	2
blooming	4
blossom	4
blow	1
blubber	6
blubbery	6
blue	1
blur	4
blurb	6
blurt	4
blush	3
board	1
board game	2
boast	3
boat	1
body	1
bogus	6
boil	2
boiled	2
boiling	4
bold	3
boldly	3
bolt	4
bomb	3
bombard	4
bomber	4
bombing	4
bona fide	6
bond	3
bone	1
bonus	2
bony	4
book	1
bookcase	2
booking	3
bookish	4
booklet	4
bookmark	4
bookshelf	2
bookshop	2
bookstore	1
boom	3
boost	4
boot	3
booth	4
border	3
bore	3
bored	2
boredom	3
boring	1
borrow	1
boss	2
bossy	4
botany	4
both	1
bother	2
bothered	4
bothersome	4
bottle	1
bottom	1
bounce	3
bound	3
bouquet	5
bourbon	4
bout	6
bow	3
bowl	1
box	1
boxer	4
boxing	3
boy	1
boyfriend	1
bra	2
bracelet	3
bracket	4
brag	4
brain	1
brainstorm	2
brainstorming	3
brainwash	5
brainwashing	5
brake	2
branch	2
brand	2
brand-new	3
brandish	6
brass	3
brave	2
bravely	3
bravery	4
bread	1
breadwinner	6
break	1
breakable	4
breakdown	4
breakfast	1
breakthrough	3
breakup	4
breast	3
breath	3
breathe	1
breathless	3
breathtaking	4
breed	3
breeding	3
breeze	2
breezy	4
brevity	6
brewery	4
bribe	5
bribery	5
brick	3
bride	2
bridge	1
brief	3
briefly	3
bright	1
brightly	3
brilliant	2
brilliantly	4
brim	6
brimstone	6
bring	1
brink	6
broad	3
broadband	4
broadcast	3
broadcaster	4
broaden	4
broadly	4
broccoli	3
brochure	4
broken	1
bronze	3
brood	6
brother	1
brother-in-law	4
brotherhood	3
brouhaha	6
brown	1
browse	4
browser	4
bruise	4
brush	1
bubble	3
bubbly	5
buccaneer	6
bucket	1
bud	4
buddy	3
budget	2
buffer	5
buffoon	5
buffoonery	6
bug	2
build	1
builder	3
building	1
bulb	2
bulimia	4
bulk	5
bulk up	5
bulky	5
bull	3
bullet	3
bulletin	3
bully	4
bum	4
bump	3
bumper	4
bun	4
bunch	3
burden	3
burdensome	4
bureau	3
bureaucracy	4
bureaucratic	5
bureaucratically	5
burgeoning	6
burger	1
burglar	3
burglary	4
burgle	4
burial	4
burn	2
burning	3
burst	3
bury	2
bus	1
bus station	2
bus stop	2
bush	2
business	1
businessman	2
businesswoman	2
bust	3
bustle	4
bustling	4
busy	1
but	1
butcher	3
butter	1
butterfly	1
button	1
buy	1
buyer	3
buzz	4
buzzard	6
buzzer	5
by	1
bye	1
bypass	5
cab	2
cabbage	3
cabin	3
cabinet	4
cable	4
cafe	1
cafeteria	2
caffeinate	6
café	1
cage	3
cake	1
calamitous	6
calamitously	6
calamity	6
calculate	3
calculation	3
calculator	3
calendar	2
calf	3
call	1
caller	3
callous	6
callously	6
calm	3
calmly	4
calmness	3
calorie	5
calorific	6
camel	3
camera	1
camp	1
campaign	4
camping	2
campsite	3
campus	2
can	1
canal	3
cancel	3
cancer	3
candid	5
candidate	4
candidly	5
candle	3
candy	1
cane	4
canned	3
cannonball	4
canoe	5
canon	4
canteen	3
cap	1
capability	4
capable	3
capacious	6
capacity	3
capital	2
capital letter	2
capsule	3
captain	2
caption	4
captive	4
capture	3
car	1
car park	2
caravan	4
carbon	4
carbon dioxide	4
carbon footprint	4
carbon monoxide	4
carbonise	6
carbonize	6
card	1
cardboard	4
cardigan	4
care	1
career	3
carefree	4
careful	1
carefully	1
careless	3
carelessly	3
carelessness	3
caring	4
carnival	4
carpenter	5
carpentry	5
carpet	3
carpool	4
carriage	3
carrier	5
carrot	2
carry	1
carton	3
cartoon	1
carve	4
cascade	4
case	1
cash	2
cashpoint	3
cassette	2
cast	4
castle	2
casual	3
casually	4
cat	1
catalog	4
catalogue	4
catalyst	4
catastrophe	4
catastrophic	4
catastrophically	6
catch	1
catchy	4
categorisation	4
categorise	3
categorization	4
categorize	3
category	3
catering	4
cathedral	4
cattle	3
cause	2
caution	3
cautious	3
cave	3
cavity	5
cay	6
cd	1
cd player	1
cd-rom	3
cease	4
ceaseless	5
ceaselessly	5
ceiling	4
celebrate	1
celebration	1
celebrity	3
cell	3
cellar	4
cellist	4
cello	4
cemetery	4
cent	2
center	2
centigrade	4
centimeter	2
centimetre	2
central	3
central heating	3
centralised	6
centralized	6
centre	2
century	2
cereal	2
ceremony	3
certain	2
certainly	2
certainty	3
certificate	4
certification	4
certify	4
cessation	5
chain	2
chair	1
chairman	2
challenge	2
challenging	3
champagne	2
champion	3
championship	2
chance	2
chancellor	4
change	1
channel	3
chaos	3
chaotic	4
chaotically	5
chapter	2
character	1
characterisation	5
characterise	3
characteristic	3
characterization	5
characterize	3
charge	3
chariot	3
charity	3
charm	3
charming	4
chart	2
charter	5
chase	3
chat	2
chat show	3
chauffer	5
cheap	2
cheat	4
check	1
check-in	3
check-in counter	3
check-in desk	3
checkout	3
checkpoint	4
cheek	2
cheeky	4
cheer	2
cheerful	3
cheerfully	4
cheerfulness	4
cheese	1
chef	2
chemical	2
chemist	3
chemistry	3
chemotherapy	4
cheque	2
cherish	3
cherished	4
cherry	4
chess	2
chest	2
chest of drawers	3
chew	4
chewing gum	3
chicken	1
chief	3
child	1
childhood	2
childish	4
chili	2
chill	5
chilli	2
chilly	5
chimney	4
chimpanzee	2
chin	2
chip	4
chirp	2
chisel	5
chiselled	5
chocolate	1
choice	2
choir	3
choke	3
choose	1
chop	4
choreographical	6
choreography	6
christian	3
chronological	3
chronologically	6
chronology	6
chrysalis	6
chuckle	3
chunk	4
church	1
churn	5
cigarette	2
cinema	1
cinematographer	6
cinematography	6
circle	1
circuit	4
circuitry	4
circular	3
circulate	5
circulation	5
circumnavigate	6
circumnavigation	6
circumstance	4
circus	3
citation	5
cite	5
citizen	2
citizenship	3
city	1
citywide	4
civil	3
civilisation	3
civilization	3
claim	2
clam	4
clammy	5
clan	5
clap	4
clarify	4
class	1
classic	2
classical	3
classical music	2
classification	4
classify	3
classmate	1
classroom	1
classy	5
clause	4
claustrophobia	5
claustrophobic	5
clean	1
cleaner	2
cleanly	5
clear	2
clearly	2
clearness	4
clench	5
clerical	4
clerk	2
clever	1
cleverness	5
click	2
client	4
cliff	3
climactic	5
climate	3
climate change	4
climax	5
climb	1
climber	3
climbing	2
clinch	6
clinic	3
clinical	5
clip	3
cloak	5
clock	1
clog	4
cloister	6
cloistered	6
clone	2
close	1
closed	1
closely	3
closeness	5
closure	4
cloth	1
clothes	1
clothing	4
cloud	1
cloudy	1
clown	2
club	1
clue	2
clumsy	4
clutch	5
clutter	5
coach	1
coaching	4
coal	3
coalition	4
coarse	4
coast	2
coastal	3
coastline	4
coat	1
coax	6
cocktail	4
cocoa	4
coconut	4
cocoon	6
cod	3
code	1
coffee	1
coffin	3
cogent	6
cogently	6
cognitive	6
coherence	4
coherent	4
coin	2
coincide	4
coincidence	4
coke	1
cola	2
cold	1
collaborate	5
collaboration	5
collaborative	5
collaborator	5
collapse	3
collar	3
colleague	4
collect	1
collection	1
collector	4
college	1
collide	6
collider	6
collocation	4
colloquial	6
colloquially	6
colloquium	6
colon	4
colonial	4
color	1
colorful	2
colour	1
colourful	2
column	2
columnist	3
coma	4
comb	2
combination	3
combine	3
combustion	6
come	1
comedian	3
comedy	3
comet	3
comfort	3
comfortable	2
comfortably	4
comic	2
comma	3
command	3
commander	4
commemorate	4
commend	5
commendation	5
commensurate	6
commensurately	6
comment	3
commerce	4
commercial	3
commercially	5
commission	4
commit	3
commitment	2
committee	2
commode	6
commodity	6
common	2
common sense	3
commonly	3
commonwealth	4
communicate	2
communication	2
communicative	4
community	4
commute	4
companion	3
company	2
comparative	2
compare	2
comparison	3
compassion	4
compassionate	4
compatible	4
compel	5
compellingly	6
compensate	4
compensation	4
compete	3
competence	4
competent	4
competition	2
competitive	3
competitor	3
compile	4
complain	2
complaint	2
complement	3
complementary	5
complete	2
completely	3
completion	4
complex	3
complexion	4
complexity	4
compliance	5
compliant	5
compliantly	5
complicate	3
complicated	3
compliment	3
complimentary	5
comply	5
component	4
compose	3
composer	2
composition	3
compound	3
comprehension	4
comprehensive	4
compress	4
compression	4
comprise	5
compromise	3
compromised	5
compulsion	5
compulsory	4
compute	4
computer	1
computerise	6
computerize	6
con	5
conceal	4
concede	4
conceit	4
conceivable	4
conceive	4
concentrate	2
concentration	3
concept	3
conception	4
concern	2
concerned	3
concerning	4
concert	1
concerto	5
concession	4
conciliation	6
conciliatory	6
conclude	3
conclusion	3
concrete	4
concur	5
concurrence	6
condemn	4
condensation	6
condition	2
conditional	5
conditionally	5
condone	6
conduct	3
conductor	4
conduit	6
cone	4
confabulate	6
confabulation	6
confection	6
conference	4
conferencing	4
confess	4
confession	4
confide	5
confidence	3
confident	2
confidently	4
confine	4
confinement	5
confirm	3
confirmation	3
conflict	3
conform	5
conformity	5
confront	4
confrontational	6
confrontationally	6
confuse	2
confused	2
confusing	3
confusion	3
conglomerate	6
congratulate	3
congregate	5
conjecture	6
conjunction	4
conjure	5
connect	3
connection	3
connexion	3
connoisseur	5
connotation	6
connote	6
conquer	3
conquest	4
conscience	4
conscientious	5
conscientiously	5
conscious	3
consciousness	4
consensus	4
consent	4
consequence	2
consequently	3
conservation	3
conservative	3
conservatory	5
conserve	5
consider	2
considerable	3
considerably	4
consideration	3
considering	4
consign	6
consignment	6
consist	2
consistent	4
consolation	4
console	4
consonant	3
constant	4
constantly	3
consternation	6
constitute	3
constitution	3
constrained	6
constraint	5
construct	3
construction	3
consult	4
consultancy	5
consultant	4
consultation	5
consume	3
consumer	3
consumption	3
contact	2
contagion	6
contain	3
container	2
contaminate	4
contemporary	4
contempt	4
contemptuous	6
contemptuously	6
content	3
contest	1
contested	5
context	2
contextual	5
contextually	5
continent	2
continual	3
continually	3
continue	2
continuity	5
continuous	3
continuously	3
contract	4
contractor	5
contractual	6
contractually	6
contradict	4
contradiction	4
contradictory	4
contraption	6
contrary	3
contrast	2
contribute	3
contribution	3
contrive	6
control	2
controversial	3
controversy	4
convenience	2
convenient	2
conveniently	4
convention	4
conventional	4
conversation	1
converse	4
conversely	4
conversion	4
convert	4
convey	3
convict	5
conviction	5
convince	3
convinced	4
convoluted	5
cook	1
cooker	2
cookie	1
cooking	2
cool	1
cooler	2
cooperate	4
cooperation	4
cooperative	4
cop	1
cope	4
copper	4
copy	1
copyright	3
coral	4
cordon	6
core	4
corn	1
corner	1
cornerstone	4
cornet	4
corona	4
corporal	4
corporate	4
corporation	4
corps	5
corpse	6
corpus	6
correct	1
correction	3
correctly	2
correctness	4
correlate	6
correlation	6
correspond	4
correspondence	4
correspondent	4
corresponding	4
corridor	4
corrupt	4
corruption	4
cosiness	4
cosmic	6
cosset	6
cost	2
cost-effective	5
costly	4
costume	4
cosy	4
cottage	4
cotton	3
couch	1
cough	3
could	1
council	3
counsel	6
counseling	3
counselling	3
count	2
counter	3
counterproductive	6
counterproductively	6
countless	3
country	2
countryman	4
countryside	2
countrywide	4
county	3
couple	2
coupled	5
courage	3
courageous	3
courgette	3
course	1
court	2
courtesy	4
cousin	1
cover	1
coverage	5
cow	1
coward	4
cowardly	4
coziness	4
cozy	4
crab	4
crack	4
craft	3
craftsman	4
crash	3
crater	4
crave	5
craving	5
crawl	4
crazy	2
cream	1
creamy	5
crease	4
create	2
creation	4
creative	2
creatively	4
creativity	2
creator	3
creature	2
credential	5
credibility	5
credible	5
credibly	5
credit	2
credit card	1
creek	4
creepy	4
crew	4
cricket	2
crime	2
criminal	3
cripple	4
crippling	6
crisis	3
crisp	2
criteria	5
critic	3
critical	3
critically	4
criticise	2
criticism	4
criticize	2
crocodile	4
crony	6
crop	3
cross	2
crossing	3
crossly	4
crossroads	3
crow	3
crowd	2
crowded	2
crown	2
crucial	4
crude	5
crudely	5
cruel	3
cruelly	4
cruelty	4
cruise	2
crumb	5
crumble	5
crush	3
cry	1
crystallisation	6
crystallise	4
crystallization	6
crystallize	4
cube	4
cubism	4
cucumber	3
cuff	4
cull	6
culmination	4
cultish	6
cultivate	3
cultural	3
culturally	4
culture	1
cup	1
cupboard	2
curate	6
curator	6
cure	3
curiosity	3
curious	3
curiously	3
curl	4
curly	3
currency	3
current	3
currently	3
curriculum	3
curry	2
curse	2
cursor	4
curtain	3
curve	3
cushion	3
custom	2
customary	5
customer	2
customs	3
cut	1
cute	1
cv	3
cyberaddict	4
cybercafe	4
cybercafé	4
cybercrime	4
cyberpet	4
cyberschool	4
cyberspace	4
cycle	3
cycling	2
cyclist	4
cynic	5
cynical	5
cynically	5
cynicism	5
dad	1
daddy	1
daft	4
daily	2
daisy	3
dam	2
damage	3
damaged	3
damn	4
damp	3
dampen	6
damply	5
dance	1
dancer	2
dancing	1
dandelion	4
danger	2
dangerous	2
dangerously	3
dare	3
dark	1
darkness	3
darkroom	5
darling	4
dash	4
data	4
database	4
date	1
dated	4
dating	3
daughter	1
daughter-in-law	4
daunt	5
daunting	5
dawn	4
day	1
daydream	5
daylight	2
daytime	4
daze	3
dazzle	3
de facto	4
dead	2
deaden	6
deadline	3
deadly	3
deaf	3
deal	2
dealer	3
dear	1
dearly	4
death	2
debate	2
debit	4
debit card	4
debris	3
debt	3
debut	5
decade	4
decay	4
deceit	5
deceive	4
december	1
decent	4
decentralise	6
decentralize	6
deceptive	4
decide	2
decision	3
decisive	4
deck	4
declaration	3
declare	3
declination	6
decline	3
decomposition	4
decorate	4
decoration	4
decorative	4
decrease	3
dedicate	3
dedication	4
deduce	4
deduction	4
deed	3
deem	4
deep	2
deeply	2
deer	4
defeat	3
defence	3
defend	3
defender	3
defense	3
deficiency	3
deficient	6
deficiently	6
deficit	4
define	3
definite	3
definite article	3
definitely	3
definition	3
deforestation	4
defy	4
degradation	5
degrade	5
degrading	5
degree	2
dehumanise	4
dehumanize	4
delay	2
delegate	4
delete	3
deliberate	4
deliberately	4
delicacy	4
delicate	3
delicately	4
delicatessen	6
delicious	1
delight	3
delighted	3
delightful	3
deliver	3
delivery	3
demand	3
demanding	4
demise	5
demo	5
democracy	3
democratic	3
demographic	5
demographically	5
demography	5
demolish	4
demolition	5
demonstrate	3
demonstration	3
demystification	6
demystify	6
denim	4
denotation	6
denote	6
denounce	6
dense	4
densely	4
dental	4
dentist	2
denunciation	6
deny	3
depart	3
department	3
department store	2
departure	3
depend	2
dependable	4
dependent	3
depict	5
depiction	5
deposit	3
depraved	6
depravity	6
deprecate	6
deprecatingly	6
depressed	3
depressing	3
depression	3
depressive	6
deprivation	5
deprive	3
depth	3
deputy	4
derelict	6
derision	6
derisive	6
derisively	6
derive	3
descend	4
descent	5
describe	1
description	2
descriptive	4
desert	2
desertion	5
deserve	3
design	1
designer	3
desirable	4
desire	3
desk	1
desktop	4
desolation	4
despair	3
desperate	3
desperately	4
desperation	4
despise	4
despite	3
dessert	2
destination	3
destiny	4
destroy	2
destruction	3
destructive	3
detach	4
detachment	4
detail	2
detailed	4
detect	4
detective	3
determination	3
determine	3
determined	4
determiner	4
deterrent	6
detest	5
detestable	5
detract	6
detriment	5
detrimental	5
detrimentally	5
detritus	5
devastate	3
devastating	3
develop	2
developed	2
developing	4
development	3
deviant	6
deviantly	6
device	3
devil	4
devote	4
devoted	4
devotee	5
devotion	3
diagram	3
dial	3
dialog	3
dialogue	3
diameter	3
diamond	2
diaper	3
diarrhea	4
diarrhoea	4
diary	2
dictator	4
dictionary	1
did	1
die	2
diet	2
differ	3
difference	1
different	1
differently	2
difficult	1
difficulty	2
diffuse	6
dig	1
digest	4
digital	3
digital camera	2
digitalisation	5
digitalise	5
digitalization	5
digitalize	5
dignify	4
dignity	4
dilemma	4
diligence	3
diligent	3
diligently	6
dim	4
dime	4
dimension	4
diminish	6
dining room	1
dinner	1
dinosaur	2
dioxide	3
dip	4
diphtheria	4
diploma	4
diplomat	4
direct	2
direction	2
directly	3
director	2
dirt	3
dirty	1
disability	3
disable	3
disabled	3
disadvantage	2
disagree	2
disagreement	3
disappear	2
disappearance	4
disappoint	3
disappointed	2
disappointing	2
disappointment	3
disapproval	4
disapprove	4
disaster	3
disastrous	3
disc	3
disc jockey	3
discard	5
discharge	4
disciple	4
discipline	4
disco	2
discomfort	3
disconnect	4
discount	3
discourage	3
discourse	5
discover	2
discovery	3
discredit	4
discriminate	4
discrimination	3
discuss	1
discussion	2
disdain	5
disdainful	6
disease	3
disgrace	4
disguise	4
disgusting	3
dish	1
dishonest	2
dishonesty	4
dishwasher	3
disillusion	4
disillusionment	5
disk	3
disk jockey	3
dislike	2
dislodge	5
dismal	5
dismally	5
dismay	5
dismiss	4
disorder	4
disorderly	4
disorganised	4
disorganized	4
disparage	6
disparagement	6
disparaging	6
disparagingly	6
dispensable	4
dispensary	5
dispense	5
dispersal	6
disperse	6
displace	4
display	2
displeasure	4
disposal	4
disposition	4
dispute	4
disqualify	4
disquieting	5
disregard	4
disrupt	4
dissatisfaction	4
dissatisfied	4
dissect	5
dissection	5
dissemble	6
disseminate	6
dissemination	6
dissension	6
dissident	4
dissolve	3
distance	3
distant	3
distill	6
distillation	6
distinction	3
distinctly	3
distinguish	3
distinguished	4
distortion	4
distract	4
distraction	4
distressing	4
distribute	3
distribution	3
distributor	4
district	3
disturb	2
disturbance	3
dither	5
dive	3
diver	3
diverge	5
divergence	5
divergent	5
diverse	3
diversion	4
diversity	5
divert	4
divide	2
divided	4
divination	6
divine	3
diving	3
division	4
divorce	4
divorced	3
dizzy	2
dj	3
dna	4
do	1
doc	3
docile	5
docilely	5
dock	4
doctor	1
document	3
documentary	3
does	1
dog	1
doing	1
dole out	6
doll	1
dollar	1
dolphin	3
domestic	4
domestically	5
domesticate	5
domestication	5
domesticity	6
dominant	5
dominantly	5
dominate	4
domination	5
donate	4
donation	4
done	2
donkey	4
doom	4
door	1
doorkeeper	4
doorway	4
dorm	4
dormitory	4
dose	4
dot	3
double	2
doubly	4
doubt	2
doubtful	4
dove	4
down	1
downfall	4
download	2
downsize	4
downstairs	2
downtown	2
downward	3
dowry	4
doze	3
dozen	3
dr	1
dr.	1
drabness	6
draft	4
drag	3
drain	4
drama	1
dramatic	3
dramatically	4
dramatist	5
drapery	4
draught	4
draw	1
drawback	5
drawer	2
drawing	2
dread	4
dreadful	4
dream	1
dreamy	4
dress	1
dressed	2
dribble	6
drill	2
drink	1
drinkable	4
drive	1
driver	1
driver's license	2
driving licence	2
droop	4
drop	1
dropout	4
drought	4
drown	3
drudgery	6
drug	2
drugstore	2
drum	1
drunk	3
dry	1
dubiously	6
duck	2
dude	3
due	1
duel	4
dull	3
dumb	4
dump	3
duplicate	4
duplication	4
durable	5
duration	5
during	2
dust	2
dustbin	3
dusty	3
dutiful	5
dutifully	5
duty	3
duty-free	3
duvet	3
dvd	1
dwarf	4
dwarfism	6
dye	4
dynamic	4
dynamically	5
dynasty	3
e-mail	1
each	1
each other	1
eager	3
eagerly	4
eagerness	3
eagle	4
ear	1
earache	3
early	1
earn	2
earnest	3
earnings	4
earring	2
earth	2
earthquake	2
ease	4
easily	2
east	2
eastern	3
eastward	4
easy	1
easy-going	3
easygoing	3
eat	1
ebb	6
eccentric	5
eccentrically	5
eccentricity	6
echo	6
echolocate	6
echolocation	6
eclectic	5
eclectically	5
eco	3
ecological	3
ecologically	4
ecologist	4
ecology	3
economic	3
economical	4
economics	3
economise	6
economist	4
economize	6
economy	3
ecosystem	3
ecotourism	6
ecstasy	3
ecstatic	4
ecstatically	5
edge	3
edification	6
edifice	6
edify	6
edit	4
edition	3
editor	2
editorial	4
educate	3
educated	4
education	2
educational	2
educator	4
effect	2
effective	3
effectively	4
effectiveness	4
efficiency	3
efficient	3
effort	2
effortless	5
egalitarian	6
egg	1
ego	5
eight	1
eighteen	1
eighty	1
either	1
eke out	6
elaborate	5
elaboration	5
elastic	5
elasticity	6
elated	6
elation	6
elbow	3
elderly	2
elect	4
election	3
elective	4
electric	2
electrical	3
electrician	4
electricity	3
electrode	6
electron	3
electronic	3
electronically	4
electronics	4
elegance	4
elegant	4
elegantly	4
element	3
elemental	4
elementary	1
elephant	2
elephantine	6
elevate	5
elevation	5
elevator	2
eleven	1
eligible	4
eliminate	3
elite	4
elitist	5
elongate	5
eloquence	4
eloquent	4
else	1
elsewhere	2
elude	5
elusive	5
email	1
embark	5
embarrass	3
embarrassed	3
embarrassing	2
embarrassment	3
embassy	4
embed	6
embodiment	6
embody	6
embrace	4
emerge	3
emergence	4
emergency	2
eminence	6
eminent	6
emolument	6
emotion	3
emotional	3
emotionally	3
emperor	3
emphasis	3
emphasize	3
emphatically	4
empire	3
employ	4
employee	4
employer	4
employment	3
empty	2
emulate	6
emulation	6
emulsification	6
emulsifier	6
emulsify	6
enable	3
enabler	6
enclose	3
encompass	6
encounter	3
encourage	2
encouragement	3
encouraging	3
encumber	6
encumbrance	6
encyclopaedia	3
encyclopedia	3
end	1
endanger	3
endangered	2
endeavor	4
endeavour	4
ending	2
endless	3
endlessly	4
endorse	4
endorsement	5
endurance	4
endure	3
enduring	4
enduringly	6
enemy	3
energetic	2
energy	4
enforce	4
engage	3
engaged	3
engagement	4
engender	6
engine	3
engineer	1
engineering	3
englishman	3
engross	5
engrossing	5
engulf	4
enhance	4
enjoy	1
enjoyable	3
enjoyment	3
enormous	2
enormously	5
enough	2
enquire	4
enquiry	3
enrich	3
enrol	4
enroll	4
ensure	3
enter	2
enterprise	4
enterprising	5
entertain	3
entertainer	3
entertaining	4
entertainment	2
enthuse	6
enthusiasm	3
enthusiast	3
enthusiastic	3
enthusiastically	4
entire	3
entirely	3
entitle	4
entrance	2
entrepreneur	4
entry	3
envelope	2
enviable	5
environment	4
environmental	3
environmentalist	3
environmentally	4
environmentally friendly	4
envisage	5
envy	2
ephemera	6
ephemeral	6
ephemerality	6
episode	2
epoxy	6
equable	6
equal	3
equality	3
equally	3
equation	4
equilibrium	6
equip	4
equipment	3
equity	4
era	3
erect	4
error	2
erupt	4
eruption	4
escalator	2
escape	2
especially	2
essay	2
essayist	4
essence	3
essential	3
essentially	4
establish	2
establishment	3
estate	4
estimate	3
estimated	4
estimation	5
etch	6
etching	6
eternal	3
eternally	4
eternity	3
ethic	4
ethical	5
ethically	5
ethnic	4
ethos	6
euphemism	6
euphemistic	6
euphemistically	6
euphoria	6
euphoric	6
euphorically	6
euro	2
evacuate	4
evacuation	4
evaluate	4
evaluation	4
even	2
evening	1
evenly	3
event	1
eventually	3
ever	2
everlasting	4
every	1
everybody	1
everyday	1
everyone	1
everything	1
everywhere	1
evidence	2
evident	3
evidently	4
evil	4
evoke	5
evokingly	6
evolution	4
evolve	4
ewe	5
exact	3
exactly	2
exactness	4
exaggerate	4
exaggeration	4
exalt	4
exalted	6
exaltedly	6
exam	2
examination	3
examine	3
examinee	4
examiner	3
example	1
exceed	4
excel	4
excellence	3
excellent	1
except	2
exception	4
exceptional	4
exceptionally	4
excess	3
excessive	4
exchange	2
exchange rate	3
excited	1
excitedly	3
excitement	3
exciting	1
exclaim	4
exclamation mark	4
exclude	4
exclusion	4
exclusive	3
exclusively	4
excursion	4
excuse	1
execute	4
execution	4
executive	4
exercise	1
exert	5
exhaust	4
exhausted	3
exhausting	4
exhaustion	4
exhibit	4
exhibition	2
exhibitionist	5
exhilarate	5
exhilarating	5
exhilaration	5
exile	4
exist	2
existence	3
existing	4
exit	3
exodus	5
exorcism	6
exorcist	6
exotic	4
exotically	5
expand	3
expansion	4
expect	2
expectation	4
expected	4
expedite	5
expedition	4
expense	3
expensive	1
experience	2
experienced	3
experiment	3
expert	2
expire	5
explain	2
explanation	2
explanatory	5
explode	4
exploit	4
exploitation	5
exploration	3
explore	2
explorer	4
explosion	3
explosive	4
explosively	5
export	4
expose	3
express	2
expression	2
expressive	4
exquisite	4
extant	6
extend	3
extension	4
extensive	4
extensively	3
extent	3
exterior	5
external	4
extinct	3
extinction	3
extortion	5
extra	2
extract	4
extracurricular	6
extraordinarily	4
extraordinary	3
extravagance	5
extreme	3
extreme sports	3
extremely	2
exuberance	5
exuberant	5
exuberantly	5
exude	6
exultant	4
eye	1
eyebrow	4
eyelash	4
eyelid	4
eyesight	3
fabled	6
fabric	4
fabricate	6
fabrication	6
fabulate	6
fabulation	6
fabulous	4
fabulously	5
face	1
face to face	3
face-to-face	3
facial	5
facilitate	4
facilitation	5
facilities	4
facility	3
facsimile	6
fact	2
faction	5
factor	4
factory	1
faculty	4
fade	3
fail	2
failure	3
faint	3
fair	1
fairly	2
fairy	1
faith	4
faithful	3
fake	3
fall	2
fallacy	6
fallen	3
false	1
falter	4
fame	4
familiar	2
familiarise	4
familiarize	4
family	1
famous	1
fan	1
fanatic	5
fanatically	5
fanciful	5
fancy	2
fantastic	2
fantastically	4
fantasy	3
far	2
faraway	3
farce	5
farcical	6
fare	2
farewell	3
farm	1
farmer	1
farming	3
farmland	3
farther	3
farthest	3
fascinate	3
fascinated	4
fascinating	2
fascination	4
fashion	2
fashionable	3
fast	1
fast food	2
fasten	3
fat	1
fatal	4
fatality	5
fate	4
father	1
father-in-law	4
fatigue	5
fault	2
faulty	4
favor	2
favorable	3
favorably	5
favorite	1
favour	2
favourable	3
favourably	5
favourite	1
fax	3
fear	2
fearsome	4
feast	3
feat	4
feather	2
feature	2
february	1
fed up	4
federal	4
fee	2
feed	1
feedback	4
feel	1
feeling	1
feign	6
fellow	3
female	2
fence	2
ferocious	5
ferociously	5
ferocity	6
ferry	3
ferryboat	4
festival	1
festive	3
fetch	3
fete	6
fever	1
feverishly	3
few	2
fiber	4
fibre	4
fiction	2
fictional	4
fiddle	5
fiddler	5
fiddly	5
field	1
fiend	5
fiendish	5
fiendishly	5
fierce	4
fiercely	5
fifteen	1
fifth	3
fifty	1
fight	1
fighter	2
fighting	4
figurative	4
figuratively	6
figure	2
file	1
filial	4
fill	1
filling	3
film	2
film-maker	3
filter	3
final	2
finally	2
finance	3
financial	3
financially	4
find	1
finding	3
fine	1
finely	4
finger	3
fingernail	4
finish	1
fire	1
fire brigade	4
fire station	3
firearm	4
firefighter	3
fireplace	4
firewall	5
firework	3
firm	3
firmly	3
firmness	4
first	1
first floor	3
first lady	3
first language	4
first name	2
first person	4
first-floor	3
firstly	4
fiscal	4
fish	1
fisherman	2
fishing	1
fissure	5
fit	2
fitness	3
five	1
fix	2
fixed	4
fixture	5
flag	1
flagging	6
flame	4
flap	4
flash	3
flashback	5
flask	5
flat	1
flatout	6
flatter	5
flattery	5
flavor	3
flavour	3
flaw	4
flawless	4
flax	4
flea	2
flee	4
fleet	4
flesh	4
flexibility	4
flexible	4
flexibly	4
flick	5
flicker	5
flight	2
flightiness	6
flighty	6
flip	4
flit	6
float	2
flock	3
floe	6
flood	2
floodgates	6
floor	1
flour	2
flourish	5
flow	3
flower	1
flu	3
fluctuate	6
fluctuation	6
fluency	4
fluent	3
fluently	3
fluid	4
flunk	3
flute	3
flutter	4
fly	1
focus	1
fog	2
foggy	1
fold	3
folder	2
folk	3
folktale	5
follow	2
follower	4
following	1
folly	4
fond	3
fondly	4
fondness	3
food	1
fool	2
foolish	3
foolishly	4
foot	3
football	1
footballer	2
footnote	4
for	1
forbid	2
forbidden	3
force	2
forcefully	4
forecast	3
forehead	3
foreign	1
foreigner	1
foreman	4
forensic	5
foresee	4
forest	2
forestry	4
forever	2
forfeit	5
forfeiture	6
forget	1
forgive	3
fork	2
forlorn	6
forlornly	6
form	1
formal	3
formality	5
formally	3
format	3
formation	4
former	3
formerly	4
formidable	4
formidably	6
formula	3
formulate	5
forth	3
forthcoming	4
fortnight	3
fortunate	3
fortunately	2
fortune	2
forty	1
forward	2
fossil	5
foul	4
found	4
foundation	3
fountain	3
four	1
fourteen	1
fox	4
fraction	5
fractious	6
fragment	3
fragmentation	5
fragrance	4
frame	2
frank	2
frankly	4
frantically	4
fraud	4
freak	4
free	1
freedom	2
freely	3
freeze	2
freezer	3
freezing	3
frequency	3
frequent	3
frequently	3
fresh	2
freshman	3
friday	1
fridge	2
fried	2
friend	1
friendliness	3
friendly	4
friendship	2
frigate	4
fright	3
frighten	2
frightened	2
frightening	2
frog	1
frolic	6
from	1
front	1
frontier	4
frost	3
frostily	5
frosty	5
frozen	3
frugal	4
fruit	1
fruition	6
frustrated	3
frustration	3
fry	2
frying pan	3
fuel	3
fulfil	4
fulfill	4
full	1
full stop	3
full-time	3
fully	2
fume	4
fun	1
function	2
functional	4
functionality	4
fund	3
fundamental	4
funeral	3
funk	4
funky	4
funny	1
fur	3
furious	4
furiously	4
furnish	3
furniture	2
furor	4
furore	4
further	2
furthermore	3
furthest	3
fuse	5
fusion	5
fuss	3
future	1
gadget	5
gaiety	4
gain	3
gale	6
gall	3
gallery	2
gallon	3
gambit	6
gambling	4
game	1
gamely	5
gang	4
gangster	4
gaol	3
gap	3
gape	5
garage	2
garbage	1
garden	1
gardener	4
gardening	3
garlic	2
garment	3
gas	2
gasp	4
gate	2
gateway	4
gather	2
gauche	6
gaudy	4
gay	3
gaze	4
gear	4
gee	3
gem	5
gender	2
gene	3
general	3
generalisation	4
generalise	4
generalization	4
generalize	4
generally	3
generate	3
generation	2
generosity	4
generous	3
generously	4
genetic	3
genetically	3
genetics	3
genius	4
genome	5
genomic	6
genomically	6
genre	4
gentle	2
gentleman	3
gently	4
genuine	4
genuinely	4
geographic	4
geographical	3
geography	3
geological	5
geologically	5
geology	3
germ	4
gesture	3
get	1
getaway	4
ghetto	4
ghost	1
ghostly	5
giant	3
gift	1
gifted	3
gig	5
giggle	3
ginger	3
giraffe	3
girl	1
girlfriend	1
give	1
giveaway	4
given	2
glacis	4
glad	1
glamorous	4
glamourous	4
glance	3
glare	4
glass	1
glasses	1
gleam	4
glean	5
glee	4
glide	3
glimpse	3
glint	3
glitz	6
glitzy	6
global	3
global warming	4
globally	4
globe	2
glocal	4
gloomy	4
glorify	4
glorious	3
glory	3
glory in	6
glove	2
glow	4
glum	5
glumly	5
gnaw	5
go	1
goal	1
goalkeeper	3
goat	4
god	4
goddess	3
godly	4
gold	1
golden	2
golf	2
golfer	3
good	1
good afternoon	1
good morning	1
good night	1
good-looking	2
goodness	3
goods	3
goodwill	4
gook	4
goose	5
gorge	4
gorgeous	3
gorilla	3
gossip	3
gourmet	5
gout	6
govern	3
government	2
governmental	4
governor	3
gown	3
grab	3
grace	2
graceful	3
gracefulness	4
grade	1
gradual	4
gradually	2
graduate	2
graduation	3
graft	5
grain	4
gram	2
grammar	1
gramme	2
grand	4
grandchild	2
granddad	2
granddaughter	2
grandfather	1
grandma	1
grandmother	1
grandpa	1
grandparent	1
grandson	2
granny	2
grant	3
grape	1
grapefruit	5
graph	3
graphic	3
graphically	4
graphics	3
grasp	4
grass	1
grateful	2
gratitude	3
grave	3
gravestone	4
gravitate	6
gravitation	4
gravitational	6
gravitationally	6
gravy	3
gray	1
great	1
greatly	2
greatness	4
greedy	2
green	1
greenhouse	3
greet	1
greeting	3
grey	1
grief	4
grievance	6
grieve	4
grill	3
grilled	2
grim	4
grin	4
grip	4
grocery store	2
groom	3
gross	4
ground	1
ground floor	3
grounds	5
group	1
grouping	3
grow	1
growing	4
grown-up	4
growth	3
gruelling	5
gruesome	5
gruesomely	5
grumble	5
guarantee	3
guard	2
guerrilla	4
guess	1
guest	1
guidance	3
guide	3
guidebook	2
guideline	4
guilt	3
guilty	3
guitar	1
guitarist	3
gulp	4
gum	4
gun	2
gunshot	4
gush	5
gushing	5
gushingly	5
gusto	5
guts	4
gutsy	5
guy	1
gym	3
gymnastic	4
gymnastics	3
gypsy	5
habit	1
habitant	4
habitat	3
habitation	6
hack	5
had	1
haggle	5
hail	4
hair	1
haircut	1
hairdresser	3
hairdryer	3
hairy	4
half	1
half-price	2
hall	1
ham	2
hamburger	1
hammer	3
hamper	6
hand	1
hand-held	3
handbag	2
handball	3
handicap	4
handicapped	2
handicraft	4
handkerchief	3
handle	2
handout	4
handrail	4
handshake	3
handsome	1
handwriting	3
handy	3
hang	3
hanging	3
haphazard	6
haphazardly	6
hapless	6
happen	1
happenstance	6
happily	2
happiness	2
happy	1
harass	5
harassment	5
harbor	3
harbour	3
hard	1
hard drive	4
hard-working	3
hardly	2
hardship	3
hardware	4
harm	2
harmful	2
harmless	4
harmony	2
harness	3
harrow	4
harvest	2
has	1
haste	4
hastily	4
hasty	3
hat	1
hatch	3
hatching	4
hate	2
hatred	3
haughtily	6
haughty	6
haunt	3
haunting	4
hauntingly	6
have	1
have to	1
haven	3
hay	4
hazard	3
hazardous	4
he	1
head	1
headache	1
headline	3
headmistress	6
headphone	2
headquarters	4
headstrong	5
headteacher	2
heal	3
healing	3
health	1
health care	4
healthy	1
heap	4
hear	1
hearing	3
heart	1
heart attack	3
heart-warming	4
heartbreaking	4
hearted	3
heartwarming	4
hearty	3
heat	2
heater	3
heating	2
heaven	3
heavenly	3
heavily	2
heavy	1
hedge	4
hedgehog	5
heel	3
heifer	5
height	3
heighten	5
helicopter	4
hell	4
hello	1
helm	6
helmet	3
help	1
helper	4
helpful	2
helpless	3
hemp	4
hence	5
her	1
herald	6
herb	4
herd	3
here	1
heritage	4
hermetic	6
hermit	6
hero	2
heroine	5
hers	1
herself	2
hesitate	3
hesitation	4
hey	2
hi	1
hi-tech	4
hibernate	5
hibernation	5
hidden	3
hide	1
high	1
high school	2
high-tech	4
highlight	3
highly	3
highway	2
hijack	4
hike	2
hiking	2
hilarious	4
hill	1
him	1
himself	2
hinder	6
hindrance	6
hindsight	6
hint	4
hip	3
hip hop	2
hip-hop	2
hiphop	2
hire	3
his	1
historian	3
historic	3
historical	3
history	1
histrionic	6
histrionically	6
hit	2
hitch	6
hitherto	6
hiv	3
hobby	1
hockey	2
hoist	6
hold	1
holder	4
hole	1
holiday	1
hollow	4
holocaust	4
holy	3
home	1
homeless	3
homely	5
homestead	6
hometown	1
homeward	4
homework	1
hone	4
honest	3
honestly	3
honesty	3
honey	2
honeymoon	3
honk	5
honor	2
honorable	4
honour	2
honourable	4
hood	4
hook	4
hop	3
hope	1
hopeful	3
hopefully	3
hopeless	3
horizon	3
horn	3
horrible	3
horrify	3
horror	2
horse	1
hospice	4
hospitable	4
hospital	1
hospitalise	4
hospitality	4
hospitalize	4
host	2
hostel	3
hostess	5
hostile	5
hostility	5
hot	1
hotel	1
hotelier	6
hour	1
hourly	4
house	1
household	3
housekeeper	4
housemaster	4
housewife	4
housework	3
hover	4
how	1
however	2
huddle	6
hug	2
huge	3
hugely	4
hull	6
human	2
human rights	4
humane	4
humanise	4
humanist	4
humanity	3
humanize	4
humble	4
humbug	4
humid	3
humiliate	4
humiliating	4
humiliation	4
humor	3
humorous	3
humour	3
hundred	2
hunger	3
hungry	1
hunt	3
hunter	2
hunting	4
hurriedly	3
hurry	1
hurt	1
husband	1
hush	4
hut	3
hybrid	4
hygiene	4
hyperbole	4
hyphen	4
hypnotherapy	6
hypocrisy	5
hypocrite	5
hypocritical	5
hypocritically	5
hypothesis	6
hypothesize	6
hypothetical	6
hysteria	6
hysterical	6
hysterically	6
i	1
ice	1
ice cream	1
ice hockey	3
ice skating	3
iceman	4
icon	4
icy	4
id	2
id card	2
idea	1
ideal	1
ideally	4
identical	4
identification	4
identify	4
identity	3
identity card	3
ideology	4
idiom	3
idiomatic	6
idiomatically	6
idiosyncrasy	6
idiosyncratic	6
idiot	4
idle	4
idol	3
idolise	4
idolize	4
if	1
ignominious	6
ignominiously	6
ignorance	4
ignorant	4
ignore	3
ill	2
illegal	2
illegally	3
illness	3
illuminate	3
illustrate	4
illustration	4
image	2
imagery	4
imaginary	3
imagination	2
imagine	1
imitate	3
imitation	4
immediate	3
immediately	3
immense	5
immensely	5
immerse	4
immigrant	4
immigrate	3
immigration	3
immoral	4
immortal	4
immortality	4
immortalize	5
imp	5
impact	2
impair	3
impartial	4
impatient	2
impatiently	4
impeccable	6
impeccably	6
impede	5
impediment	5
imperative	4
imperceptible	6
imperceptibly	6
impermanent	4
impersonal	5
impersonally	5
impersonate	5
impersonation	5
impersonator	5
impervious	5
impish	5
impishly	5
implement	4
implicate	5
implication	4
imply	4
impolite	4
impolitely	4
import	4
importance	2
important	1
importantly	2
impose	4
imposition	6
impossibility	4
impossible	2
impoverished	5
impractical	4
impresario	6
impress	2
impressed	4
impression	3
impressionism	4
impressionist	4
impressionistic	6
impressionistically	6
impressive	3
imprison	4
imprisonment	4
improbable	4
improper	3
improperly	4
improve	2
improved	4
improvement	3
improvisational	6
impulse	4
impulsive	4
in	1
inaccurate	4
inadequate	4
inanimate	4
inartistic	6
inborn	4
incense	4
incentive	4
inch	2
inchoate	6
inchoately	6
incident	3
incipient	6
incise	6
incision	5
incisor	5
include	2
including	3
inclusion	5
inclusive	5
inclusively	5
income	3
incongruity	6
incongruous	6
incongruously	6
inconvenient	3
incorrect	3
increase	2
increasingly	3
incredible	3
incredibly	3
incumbent	6
incur	4
incurable	4
indebted	4
indeed	2
indefinite	5
indefinite article	3
indefinitely	5
indent	4
independence	2
independent	3
independently	4
indescribable	4
index	4
indicate	2
indifferent	4
indignant	6
indignantly	6
indignity	4
indirect	3
indirectly	3
indiscrete	6
indiscretion	6
indispensable	4
individual	3
individualism	6
individuality	5
indolence	6
indolent	6
indolently	6
indoor	2
indoors	3
induce	6
inducement	6
induct	5
induction	5
indulge	4
indulgence	6
indulgent	4
indulgently	6
industrial	3
industrialise	4
industrialize	4
industry	3
ineffective	4
inert	4
inevitable	3
inexcusable	5
inexcusably	5
inexhaustible	5
inexorability	6
inexorable	6
inexorably	6
inexpensive	2
inexperienced	4
inexplicable	5
inexplicably	5
infallibility	6
infallible	6
infallibly	6
infant	4
infect	4
infected	4
infection	3
infectious	4
infer	4
inference	4
infernal	6
infernally	6
infinitive	3
inflammation	4
inflammatory	4
inflate	4
inflation	4
influence	2
influential	4
influenza	4
inform	3
informal	4
informant	6
information	1
informative	3
infringe	4
infringement	4
ingenious	5
ingenuity	5
ingenuous	6
ingenuously	6
ingrate	6
ingratiate	6
ingratiating	6
ingratiatingly	6
ingredient	3
inhabit	4
inhabitant	3
inhale	3
inherent	5
inherently	5
inherit	4
inheritance	5
initial	3
initially	3
initiative	4
inject	3
injection	4
injure	2
injured	4
injury	3
injustice	5
ink	3
innate	4
inner	2
innermost	3
innocent	3
innocently	4
innovate	5
innovation	4
innovative	4
innovator	3
innuendo	6
input	4
inquire	4
inquiry	3
insane	3
inscribe	3
inscription	3
inscrutable	6
insect	2
insecure	5
insecurely	5
insensitive	5
insensitively	5
inseparable	4
inside	1
insight	3
insightful	5
insightfully	5
insist	3
inspect	4
inspection	3
inspector	4
inspiration	2
inspirational	4
inspire	3
instal	3
install	3
instance	3
instant	2
instantaneous	6
instantaneously	6
instantly	4
instead	2
instead of	3
instil	4
instill	4
instinct	4
instinctive	5
instinctively	5
institute	3
institution	4
instruct	4
instruction	3
instructor	3
instrument	2
insubordinate	5
insubordinately	5
insubordination	5
insufficient	4
insular	6
insult	4
insurance	3
integral	5
integrate	4
integration	6
intellect	5
intellectual	4
intelligence	2
intelligent	2
intend	3
intense	3
intensive	3
intent	4
intention	3
intentionally	3
interact	3
interaction	3
interactive	4
interest	2
interested	1
interesting	1
interfere	4
interior	4
interject	5
interjection	5
interlocking	6
interlude	6
intermediary	6
intermediate	3
intermission	3
internal	3
international	2
internationally	3
internet	1
interpersonal	4
interpret	4
interpretation	4
interpreter	4
interrogate	6
interrogation	6
interrogative	6
interrogatively	6
interrupt	3
interruption	4
intersection	4
intersperse	6
interval	3
interview	1
interviewee	3
interviewer	1
interweave	6
intimate	4
into	1
intransitive	4
intravenous	4
intrinsic	6
intrinsically	6
introduce	1
introduction	3
intrude	4
intruder	4
intrusion	4
intuit	5
intuition	5
intuitive	5
intuitively	5
invade	2
invariable	4
invariably	4
invasion	3
invent	2
invention	2
inventor	4
inverted commas	4
invest	3
investigate	4
investigation	3
investigator	4
investment	4
investor	4
invisible	4
invitation	3
invite	2
invitingly	4
invoice	5
invoke	4
involuntarily	3
involve	3
involved	3
involvement	4
irate	5
irately	5
iron	3
ironic	6
ironically	4
ironing	3
irony	5
irrational	4
irregular	3
irrelevancy	6
irresistible	4
irresistibly	4
irresponsible	4
irrevocable	6
irrevocably	6
irritate	3
irritated	4
irritating	4
irritation	4
is	1
island	1
islander	4
isle	3
isolate	5
isolated	5
isolation	3
issue	2
it	1
italicise	4
italicize	4
itch	4
item	1
itinerary	5
its	1
itself	2
ivory	3
jacket	1
jade	3
jail	3
jam	2
january	1
jar	3
jargon	6
jarring	6
jaw	4
jazz	3
jealous	3
jealously	4
jeans	1
jelly	2
jeopardise	4
jeopardize	4
jersey	5
jet	1
jewel	3
jeweler	4
jeweller	4
jewellery	1
jewelry	1
job	1
jog	3
jogging	3
join	1
joint	3
joke	2
journal	3
journalism	4
journalist	3
journey	2
joy	2
judge	1
judgement	3
judgment	3
judo	4
jug	3
juice	1
juicy	3
july	1
jump	1
jumper	3
june	1
jungle	3
junior	2
junk	2
junk food	4
jurisdiction	5
juror	4
jury	4
just	1
justice	3
justify	4
justly	5
juvenile	5
kangaroo	4
karaoke	4
keen	4
keep	1
keeper	4
kerosene	4
kettle	3
key	1
keyboard	3
keystroke	4
kick	1
kid	1
kill	1
killer	2
killing	3
kilo	2
kilogram	2
kilogramme	2
kilometer	2
kilometre	2
kind	1
kindly	2
kindness	3
kinetic	6
kinetically	6
king	1
kingdom	2
kiss	1
kit	2
kitchen	1
kite	1
kitten	3
knack	6
knee	1
kneel	4
knife	1
knit	3
knock	2
knot	4
know	1
knowingly	4
knowledge	2
knowledgeable	5
known	4
lab	3
label	4
labor	2
laboratory	3
laborer	4
labour	2
labourer	4
lack	2
lackluster	5
lacklustre	5
ladder	3
lady	1
lake	2
lamb	3
lame	4
lament	6
lamentation	6
lamp	2
lance	4
land	2
landing	4
landlady	4
landlord	3
landscape	2
landslide	4
lane	2
language	1
lap	4
lapse	5
laptop	4
large	1
largely	3
lark	4
laryngitis	6
laser	4
lassitude	6
last	2
last minute	4
last name	1
last-minute	4
lasting	3
lastly	4
late	1
latecomer	3
lately	3
latent	5
later	1
latest	2
latter	2
laud	6
laudatory	6
laugh	1
laughter	3
launch	3
laundry	4
lava	4
lavatory	5
law	2
lawful	3
lawmaker	4
lawn	4
lawsuit	4
lawyer	2
lay	3
layabout	4
layer	3
laziness	2
lazy	1
lead	2
leader	1
leadership	3
leading	3
leaf	1
leaflet	4
league	3
leak	4
lean	3
leap	3
learn	1
learner	2
learning	4
lease	4
leash	4
least	2
leather	2
leave	1
leaven	6
leavening	6
lecture	3
lecturer	4
leek	4
left	1
left-hand	2
leg	1
legacy	5
legal	3
legally	3
legend	4
legendary	4
legion	6
legislate	4
legislation	4
legislative	4
legislator	4
legislature	4
legitimate	4
leisure	2
leisurely	4
lemon	2
lemonade	2
lend	2
length	3
lengthen	4
lengthy	4
leopard	4
less	2
lessen	3
lesson	1
lest	4
let	1
lethargic	5
lethargically	5
lethargy	5
letter	1
lettuce	3
level	2
liaise	6
liaison	5
liar	3
liberal	4
liberate	3
liberation	3
liberty	2
librarian	3
library	1
licence	2
license	2
lick	4
lid	4
lie	2
life	1
lifeguard	3
lifeless	4
lifelong	3
lifestyle	2
lifetime	4
lift	3
light	1
lighten	4
lighter	3
lighting	4
lightly	3
lightning	3
like	1
likelihood	5
likely	2
likeness	3
likewise	4
lily	1
limb	4
limit	3
limitation	3
limited	3
limitless	5
limp	3
line	1
linear	5
linearly	5
linen	4
liner	4
ling	4
linger	4
link	3
lion	1
lip	2
liquid	3
list	1
listen	1
listener	4
liter	2
literal	4
literally	4
literary	3
literature	3
litre	2
litter	4
little	1
live	1
lively	2
liver	3
living	1
living room	1
load	2
loaf	3
loan	4
lobby	4
local	2
locate	3
location	3
lock	2
locomotion	6
locomotive	6
lodge	3
log	3
logic	3
logical	2
logo	3
loiter	6
loneliness	4
lonely	1
long	1
long-distance	4
long-term	4
look	1
loom	5
loose	2
loosely	4
lorry	3
lose	2
loss	3
lost	2
lot	1
lottery	3
loud	3
loudly	2
loudspeaker	3
lousy	4
love	1
lovely	1
lover	2
lovingly	3
low	2
lower	4
lowland	4
loyal	3
loyalty	3
luck	1
luckily	2
lucky	1
lucrative	4
ludicrous	5
ludicrously	5
luggage	3
lunch	1
lunchtime	2
lung	3
lurid	6
luridly	6
lush	4
lust	5
luxurious	4
luxury	3
lyric	2
lyrical	6
lyrically	6
lyricist	6
lyrics	4
macabre	5
machine	1
mad	2
madam	4
madame	4
madness	4
maelstrom	6
maestro	4
magazine	1
maggot	6
magic	2
magical	3
magician	3
magnanimity	6
magnanimous	6
magnanimously	6
magnate	6
magnetic	5
magnetically	5
magnetism	5
magnificent	3
magnify	4
magpie	6
mail	1
mailbox	3
main	3
main course	2
mainly	2
maintain	3
maintenance	3
major	2
majority	3
make	1
make-up	2
maker	2
malady	4
malaria	4
male	2
malfunction	5
malice	6
malicious	6
maliciously	6
mall	2
malleability	6
malleable	6
mama	4
mamma	4
man	1
manage	2
management	3
manager	2
maneuver	5
mangle	6
mango	4
manicure	5
manipulate	4
manipulation	5
mankind	3
manner	2
manoeuvre	5
mansion	4
manual	4
manufacture	4
manufacturer	4
manufacturing	4
many	1
map	1
maple	3
marathon	4
marble	3
march	1
margin	4
marginal	5
marginally	5
marine	3
mariner	6
mark	2
mark-up	5
marked	3
market	2
marketability	6
marketing	4
marriage	3
married	2
marry	2
martial art	4
marvel	5
marvellous	2
marvelous	2
mash	3
mask	4
mass	3
massacre	4
massage	4
masseur	4
massive	3
master	4
masterpiece	4
mastery	4
match	1
mate	4
material	2
materialisation	6
materialise	6
materialism	6
materialistic	6
materialization	6
materialize	6
maternal	5
maternalistic	5
math	1
mathematical	4
mathematician	3
mathematics	3
maths	1
matter	1
mature	4
mausoleum	4
maverick	6
max	2
maximum	3
may	1
maybe	1
mayor	3
me	1
meager	6
meagre	6
meal	1
mean	1
meaning	2
meaningful	3
meaningless	5
meaninglessly	5
means	4
meanwhile	3
measure	3
measurement	3
meat	1
mechanic	3
mechanical	3
mechanise	4
mechanism	5
mechanize	4
medal	2
media	4
mediaeval	4
mediate	6
mediation	6
medical	2
medication	4
medicine	1
medieval	4
mediocre	4
mediocrity	6
meditate	3
meditation	3
mediterranean	3
medium	3
meet	1
meeting	1
melancholy	6
melodious	6
melodiously	6
melody	4
melon	2
melt	3
member	2
membership	3
memorable	3
memorial	4
memorise	3
memorize	3
memory	1
menace	6
menacing	6
menacingly	6
mend	3
menial	6
mental	3
mentally	3
mention	2
mentor	4
menu	2
mercantile	6
mercenary	6
merchandise	4
merchant	3
mercy	4
mere	3
merely	3
merge	4
merger	4
merit	6
merry	1
mesh	6
mesmeric	6
mess	3
message	1
message board	3
messenger	4
messy	3
metal	2
metalled	6
metaphor	4
meteorological	6
meteorology	6
meter	2
method	2
methodical	5
methodological	6
methodologically	6
methodology	6
meticulous	6
meticulously	6
metre	2
metric	4
micro	4
microbe	4
microcomputer	4
micrometer	4
micrometre	4
microorganism	4
microphone	4
microscope	4
microscopic	4
microscopy	4
microwave	4
midday	2
middle	1
middle-aged	3
midnight	2
midst	4
midwife	5
midwifery	6
mien	6
might	2
mighty	4
migration	4
mild	3
mile	3
milieu	6
military	2
milk	1
mill	4
millimeter	4
millimetre	4
million	2
millionaire	4
mimic	4
mind	1
mine	1
minefield	6
mineral	3
mineral water	2
mingle	5
miniature	4
minimise	3
minimize	3
minimum	3
minister	4
minor	3
minority	3
minster	6
mint	4
minus	3
minute	1
minutiae	5
miracle	3
mirror	2
mischief	3
misconception	4
misdemanour	6
misdemeanor	6
miserable	3
misery	3
misfortune	4
mislead	3
misleading	4
misplace	5
miss	1
missile	4
missing	2
mission	3
mist	4
mistake	2
mistreat	4
mistrustful	4
misty	3
misunderstand	4
misunderstanding	3
mix	2
mixing bowl	3
mixture	4
mobile	1
mobile phone	1
mobility	4
mock	4
modal	3
modal verb	3
model	2
modem	3
moderate	3
modern	2
modernisation	4
modernise	4
modernism	6
modernization	4
modernize	4
modest	4
modification	4
modify	3
mogul	4
moisture	3
mold	4
molecule	3
mom	1
moment	1
momentarily	4
momentary	4
mommie	1
mommy	1
monastery	4
monastic	6
monday	1
money	1
monitor	3
monk	3
monkey	1
monotonous	5
monotonously	5
monotony	5
monster	3
month	1
monthly	3
monument	3
mood	2
moody	4
moon	1
moonlight	4
moonscape	4
moor	6
moral	3
morality	4
morally	4
more	1
moreover	3
moribund	6
morning	1
mortal	4
mortar	4
mortgage	4
mortify	4
mosque	2
mosquito	3
moss	3
most	1
mostly	2
mother	1
mother-in-law	4
motherland	3
motion	4
motionless	3
motivate	3
motivated	4
motivation	3
motive	3
motley	5
motor	3
motorbike	4
motorcycle	3
motorist	4
motorway	2
mottled	6
motto	3
mould	4
mount	3
mountain	1
mountaineer	5
mountaintop	3
mourn	3
mournful	4
mouse	1
moustache	4
mouth	1
move	1
movement	3
mover	4
movie	1
moving	4
mp3 player	2
mr	1
mr.	1
mrs	1
mrs.	1
ms	2
ms.	2
much	1
mud	3
muddy	4
mug	2
mule	3
mull over	6
multiple	4
multiply	4
mum	1
mumble	4
munch	5
mundanity	6
munificence	6
murder	2
murderer	3
murmur	4
muscle	3
muscle-bound	6
muscular	5
muse	4
museum	2
mushroom	2
music	1
musical	2
musician	1
must	1
mustache	4
mustard	3
mutability	4
mutable	4
mutinous	6
mutinously	6
mutter	4
mutton	4
mutual	3
mutually	5
my	1
myriad	6
myself	2
mysterious	2
mystery	2
mystify	4
mystique	6
myth	3
mythological	5
mythology	5
nail	3
naive	5
naively	5
naivety	5
naked	3
name	1
nano	4
nap	3
napkin	2
narcissistic	4
narrate	3
narrative	3
narrator	4
narrow	3
narrowly	4
nascent	6
nasty	3
nation	2
national	2
nationalist	3
nationality	1
nationwide	4
native	2
native speaker	4
natural	2
naturally	3
naturalness	5
nature	2
naughty	4
naval	4
navigate	4
navigation	4
navy	4
navy blue	3
near	1
nearby	3
nearly	2
neat	4
necessarily	4
necessary	2
necessity	4
neck	1
necklace	3
nectar	3
need	1
needle	3
needless	4
needy	4
negative	2
negatively	4
neglect	4
neglectful	5
negligent	5
negligently	5
negligible	5
negotiate	3
negotiation	3
neighbor	1
neighborhood	3
neighboring	4
neighbour	1
neighbourhood	3
neighbouring	4
neither	4
neophyte	6
nephew	3
nerve	4
nerves	4
nervous	2
nervously	4
nervousness	3
ness	3
net	2
net surfer	4
netsurfer	4
network	3
neurosis	4
neutral	3
neutralisation	5
neutralise	5
neutralization	5
neutralize	5
never	1
nevertheless	3
new	1
newborn	3
newcomer	3
newly	3
news	1
newscaster	4
newspaper	1
newsworthy	4
next	2
next door	3
next to	2
next-door	3
nice	1
nicely	4
niche	5
nickname	3
niece	3
nigh	6
night	1
nightclub	4
nightlife	3
nightmare	4
nine	1
nineteen	1
ninety	1
no	1
no one	2
nobility	4
noble	4
nobleman	4
nobody	2
nocturnal	5
nod	3
noise	1
noisily	3
noisy	2
nomad	4
nomination	4
nominee	4
non-smoking	4
nonchalant	6
nonchalantly	6
nondescript	5
none	3
nonetheless	3
nonprofessional	4
nonsense	3
noon	2
nor	3
normal	2
normally	3
norms	5
north	2
northeast	3
northeastern	3
northern	3
northward	4
northwest	3
northwestern	3
nose	1
nostalgia	6
nostalgic	6
nostalgically	6
nostril	4
not	1
notable	5
note	1
notebook	1
nothing	1
notice	2
noticeable	3
noticeboard	3
notion	3
notoriety	6
notorious	3
notoriously	6
notwithstanding	5
nought	4
noun	2
nourish	4
nourishment	4
novel	2
novelist	3
novelty	4
november	1
now	1
nowadays	2
nowhere	3
nuclear	3
nucleus	3
nuisance	4
numb	5
number	1
numerical	4
numerous	3
nurse	1
nursery	4
nut	4
nutrient	3
nutrition	3
nutritious	3
nutshell	4
o'clock	1
oak	2
oath	4
obedience	4
obedient	4
obey	4
obituary	4
object	3
objection	3
objective	3
obligation	4
oblige	5
oblique	6
obscure	5
obscurely	5
observation	3
observe	3
observer	4
obsess	4
obsession	4
obsessive	4
obstacle	3
obtain	3
obvious	3
obviously	3
occasion	3
occasional	3
occasionally	3
occupant	5
occupation	2
occupational	5
occupy	3
occur	3
ocean	3
october	1
octogenarian	6
odd	4
oddity	5
of	1
off	1
offence	4
offend	4
offender	4
offense	4
offensive	3
offer	2
offhand	4
office	1
officer	1
official	2
officially	3
offshore	4
offspring	5
often	1
oil	2
oily	3
ointment	4
ok	1
okay	1
old	1
old-fashioned	3
olive	4
olive oil	2
olympia	4
olympiad	4
olympic	2
olympics	1
omelet	2
omelette	2
on	1
on to	3
once	1
one	1
oneself	3
onion	2
online	2
only	1
onstage	3
onto	3
opacity	6
opaque	6
open	1
opening	3
openly	4
opera	1
operate	2
operation	3
operator	4
opinion	2
opponent	4
opportunity	2
oppose	2
opposite	2
opposition	3
oppress	3
oppression	3
optimism	4
optimist	4
optimistic	4
option	3
optional	4
opulence	6
opulent	6
opulently	6
or	1
oral	3
orange	1
orator	4
orbit	3
orchard	5
orchestra	3
orchestral	4
orchid	4
ordain	6
order	1
orderly	3
ordinarily	5
ordinary	3
ore	6
organ	3
organic	3
organisation	3
organise	2
organised	2
organiser	4
organism	3
organization	3
organizational	5
organize	2
organized	2
organizer	4
origin	3
original	2
originality	4
originally	4
originate	4
ornament	4
ornamental	5
ornate	6
orphan	2
ostensible	6
ostensibly	6
other	1
otherwise	3
otter	5
ought to	3
ounce	4
our	1
ours	1
ourselves	2
out	1
out of	2
out-of-date	3
outback	4
outbreak	4
outcome	4
outdistance	4
outdo	4
outdoor	3
outdoors	3
outer	3
outfit	4
outgrow	4
outing	4
outlaw	3
outlet	4
outline	3
outlive	4
outlook	4
outmoded	6
outpatient	4
output	4
outrage	4
outrageous	4
outset	5
outshine	4
outside	1
outsider	4
outskirts	4
outstanding	3
outward	3
outwardly	4
outweigh	3
oval	4
oven	2
over	1
overall	4
overalls	5
overboard	4
overbook	4
overcoat	4
overcome	3
overdraft	5
overemphasise	4
overemphasize	4
overestimate	4
overhear	4
overjoyed	3
overlap	4
overlay	6
overlook	4
overly	4
overnight	3
overseas	2
oversee	5
overseer	5
overshadow	4
oversize	4
overstep	4
overtake	4
overthrow	4
overtime	4
overturn	4
overweight	2
overwhelm	3
overwhelming	3
overwork	3
ow	4
owe	3
owing	3
owing to	4
owl	4
own	1
owner	1
ox	4
oxygen	3
ozone	4
p.m.	1
pa	4
pace	3
pacific	2
pack	2
package	3
packed	4
packet	4
packing	3
pad	4
paddle	3
page	1
paid	3
pain	3
painful	3
painstaking	6
painstakingly	6
paint	1
paintbrush	4
painter	2
painting	1
pair	1
pajamas	4
pal	2
palace	1
palatable	6
palate	6
pale	3
pallet	4
palm	3
pan	2
pancake	4
pandemic	4
panel	4
panic	2
panorama	5
panoramic	5
pants	1
papaya	4
paper	1
paperless	4
paperwork	4
parable	6
parachute	3
parade	4
paradise	3
paradox	4
paradoxical	6
paradoxically	6
paragraph	1
paralyse	3
paralysingly	6
paralysis	4
paralyze	3
paralyzingly	6
paramedic	4
parameter	6
paramount	6
parasite	5
parasitic	6
paratrooper	4
parcel	3
pardon	1
parent	1
parental	3
park	1
parking	3
parliament	4
parochial	6
parrot	3
part	2
part-time	3
partial	3
participant	3
participate	3
participation	4
participle	3
particle	4
particular	4
particularly	3
partisan	4
partly	2
partner	1
partnership	4
party	1
pass	2
passage	2
passenger	2
passion	3
passionate	4
passionately	4
passive	3
passport	3
password	3
past	1
pasta	2
pastor	4
pastoral	4
patch	4
patchily	6
patchy	6
paternal	5
paternalistic	5
path	2
pathos	5
patience	3
patient	2
patiently	4
patriot	4
patriotic	4
patriotism	4
patrol	3
patron	4
patronise	6
patronising	6
patronisingly	6
patronize	6
patronizing	6
patronizingly	6
pattern	3
pause	3
pave	4
pavement	4
paw	4
pawnbroker	4
pawnshop	4
pay	1
payment	4
paywall	5
pc	2
pea	2
peace	1
peaceful	2
peacefully	4
peach	4
peacock	5
peak	4
peanut	3
pear	2
pearl	4
peasant	5
pebble	4
peculiar	3
pedal	4
pedantic	4
pedestal	6
pedestrian	4
pedicure	5
pee	4
peel	4
peep	4
peer	4
peg	4
pen	1
pen friend	2
penalise	4
penalize	4
penalty	4
pence	2
pencil	1
pendulous	5
pendulum	5
penetrate	4
penfriend	2
penguin	4
penicillin	4
peninsula	5
penniless	3
penny	3
pension	4
pentagon	4
people	1
pepper	2
per	3
per cent	3
perceive	4
percent	3
percentage	4
perception	4
perceptive	5
perceptively	5
perch	6
perfect	2
perfectly	2
perform	2
performance	2
performer	3
perfume	2
perhaps	2
period	1
permanence	4
permanent	3
permanently	3
permeate	4
permission	2
permit	3
perpetuate	5
persecute	5
persecution	5
perseverance	4
persist	4
persistence	4
persistent	4
person	1
personal	1
personalisation	5
personalise	5
personality	2
personalization	5
personalize	5
personally	3
personification	4
personify	4
personnel	4
perspective	4
perspiration	4
persuade	3
persuasion	4
persuasive	3
persuasively	5
pertain to	5
pertinent	5
pervasive	6
pervasiveness	6
perverse	6
perversity	6
pessimist	4
pessimistic	4
pet	1
petrified	4
petrol	2
petrol station	2
petty	4
ph	4
phantom	3
pharmacist	4
pharmacy	3
phase	4
phenomenal	5
phenomenally	5
phenomenon	3
philanthropic	6
philanthropically	6
philanthropist	6
philanthropy	6
philistine	6
philosopher	3
philosophical	4
philosophy	3
phoenix	3
phone	1
photo	1
photocopy	3
photograph	2
photographer	2
photography	2
phrasal verb	3
phrase	3
physical	2
physicality	5
physically	2
physician	4
physics	3
physiological	6
physiologically	6
physique	5
pi	4
piano	1
pick	1
pickle	4
picky	4
picnic	1
picture	1
picturesque	4
pie	3
piece	1
piety	3
pig	1
pigeon	5
pile	2
pilgrim	2
pill	2
pillow	3
pillowcase	4
pilot	2
pin	3
pine	4
pineapple	3
pink	1
pinnacle	5
pint	4
pioneer	5
pipe	3
piracy	4
pirate	4
pit	3
pitch	4
pity	2
pizza	1
place	1
placid	5
placidly	5
plague	4
plain	3
plan	1
plane	1
planet	2
planning	4
plant	2
plaque	5
plaster	5
plastic	2
plate	2
platform	3
plausibility	5
plausible	5
plausibly	5
play	1
player	1
playful	2
playground	2
playmate	4
playwright	4
plead	4
pleasant	2
pleasantly	3
please	1
pleased	2
pleasing	2
pleasurable	5
pleasure	1
plenty	2
plot	4
ploy	5
pluck	4
plug	3
plum	4
plumage	6
plumber	4
plumbing	5
plume	6
plummet	5
plunge	5
plural	2
plus	2
plutocrat	6
pm	1
pneumonia	4
pocket	1
pocket money	3
poem	1
poet	3
poetess	5
poetry	3
point	1
point of view	4
pointless	4
poise	5
poison	3
poisonous	3
polar bear	4
pole	3
police	2
police officer	2
police station	2
policeman	2
policewoman	2
policy	3
polio	4
polish	4
polite	2
politely	3
politeness	4
political	2
politically	4
politician	3
politics	3
polity	4
pollutant	3
pollute	2
pollution	1
polo	4
polysyllabic	6
pond	3
ponder	4
ponderous	6
ponderously	6
pool	1
poor	1
pop	1
popcorn	3
popular	2
popularise	4
popularity	4
popularization	5
popularize	4
population	2
porch	4
pork	3
port	3
portable	5
porten	6
portion	4
portrait	2
portraiture	6
portray	5
portrayal	5
pose	4
posh	4
posit	6
position	2
positive	3
positively	3
possess	3
possessed	4
possession	3
possessive	3
possessor	5
possibility	3
possible	2
possibly	2
post	1
post office	2
postal	4
postcard	3
poster	1
posterity	6
postman	3
postpone	4
postural	6
posture	5
posturing	6
pot	3
potato	1
potent	4
potential	3
potentially	4
pottery	3
pounce	5
pound	3
pour	2
poverty	3
powder	3
power	2
powerful	2
powerfully	4
practical	3
practicality	4
practically	4
practice	1
practise	1
practitioner	6
praise	3
prance	4
prawn	4
pray	1
prayer	3
preach	5
preacher	5
precede	4
precious	3
precise	2
precisely	4
precision	5
precocious	6
precociously	6
preconception	6
predecessor	5
predicament	4
predicate	4
predicative	4
predict	2
predictable	4
prediction	2
predictive	4
predictor	4
predilection	6
preeminent	6
prefect	4
prefer	2
preferable	4
preferably	4
preference	3
prefix	3
pregnant	3
prehistoric	4
prehuman	4
preindustrial	4
prejudge	4
prejudice	3
preliminary	4
premier	5
premise	5
premises	5
preoccupation	6
preoccupy	4
preparation	3
prepare	2
prepared	3
preposition	3
preschool	3
prescribe	4
prescription	3
prescriptive	6
presence	3
present	1
presentation	3
presentational	6
presenter	4
preservation	3
preservationist	6
preserve	3
presidency	4
president	3
presidential	4
press	3
pressure	2
pressurization	6
pressurize	6
prestige	4
prestigious	4
presumably	4
presuppose	6
presupposition	6
pretend	2
pretty	1
prevail	4
prevent	2
prevention	4
preventive	4
previous	3
previously	4
price	1
priceless	4
prick	4
pride	2
priest	3
primarily	3
primary	4
primary school	3
prime	4
prime minister	4
primeval	6
primitive	3
primitively	5
prince	1
princess	1
principal	2
principally	5
principle	3
print	2
printer	2
prior	4
priority	4
prise	6
prison	3
prisoner	3
prissy	6
privacy	3
private	2
privately	4
privilege	4
privileged	5
prize	3
pro	2
probability	3
probable	4
probably	2
probe	4
problem	1
procedural	6
procedure	4
proceed	3
process	3
proclaim	3
procrastination	3
produce	2
producer	3
product	2
production	2
productive	3
profess	5
profession	3
professional	2
professionalism	5
professor	3
profile	4
profit	4
profitability	6
profitable	4
profound	5
profoundly	5
program	1
programme	1
programmer	4
programming	4
progress	3
progressive	2
prohibit	4
prohibition	3
prohibitive	5
prohibitively	5
project	4
projection	4
proliferate	5
proliferation	6
prolific	5
prolifically	5
prolong	6
prom	4
promenade	6
prominence	4
prominent	3
promise	2
promotable	6
promote	3
promotion	3
prompt	4
promptly	4
prone	6
pronoun	3
pronounce	2
pronunciation	2
proof	3
prop	5
proper	2
properly	3
property	3
prophet	5
prophetic	5
proponent	4
proportion	3
proportional	6
proportionally	6
proposal	3
propose	3
proposed	4
proposition	6
proprietary	6
proprietorial	6
proscribe	6
proscription	6
prose	4
prosecute	4
prospect	4
prospective	5
prosper	4
prosperity	3
prosperous	3
prostrate	6
protagonist	5
protect	3
protection	3
protective	3
protest	3
protrude	6
protrusion	6
proud	3
proudly	4
prove	3
proven	4
proverb	3
proverbial	6
provide	2
provided	3
province	4
provincial	6
provision	4
provisions	5
provocation	6
provocative	5
provocatively	5
provoke	5
prowl	5
proximal	6
proximity	4
prurience	6
prurient	6
psyche	5
psychiatric	5
psychiatrist	5
psychological	3
psychologically	4
psychologist	2
psychology	4
pub	3
public	2
public transport	3
publication	4
publicise	4
publicity	4
publicize	4
publicly	3
publish	2
publisher	3
pudding	4
pull	2
pullover	3
pulse	4
pump	3
pumpkin	4
punch	4
punctual	4
punctuality	4
punctuation	2
punish	3
punishment	3
punitive	6
punitively	6
pupil	3
puppy	3
purchase	4
pure	3
purify	3
puritanical	6
purity	5
purple	1
purpose	2
purposeful	4
purse	3
pursue	2
pursuit	4
push	1
put	1
puzzle	3
puzzled	4
pyjamas	4
pyre	6
quake	3
qualification	4
qualified	3
qualify	3
qualitative	6
quality	2
qualm	6
quantify	4
quantity	3
quarantine	4
quarrel	4
quarrelsome	4
quarry	5
quarter	1
queen	2
queer	4
query	4
quest	5
question	1
question mark	3
questionnaire	3
queue	3
quick	2
quickly	1
quiet	1
quietly	2
quip	5
quirk	5
quirky	5
quit	2
quite	2
quiver	6
quiz	2
quotable	4
quotation	4
quote	4
rabbit	1
race	3
racial	3
racism	4
racist	4
rack	4
racket	2
radar	4
radiate	4
radiation	3
radiator	5
radical	4
radically	4
radio	1
radium	4
rafter	4
rag	4
rage	3
rail	3
railroad	3
railway	3
rain	1
rainbow	4
raincoat	2
rainfall	3
rainforest	3
rainstorm	4
rainy	1
raise	2
rally	4
ram	4
ramp	4
range	2
ranger	4
rank	3
rap	2
rape	4
rapid	3
rapidly	3
rapport	5
rapture	6
rapturous	6
rapturously	6
rare	3
rarely	3
rarity	5
rash	4
raspberry	3
rat	1
rate	2
rather	2
rating	2
ration	3
rational	3
rattle	4
raunchily	5
raunchy	5
ravage	4
ravish	6
raw	2
ray	2
razor	3
reach	2
react	3
reaction	4
read	1
readable	5
reader	1
readily	4
reading	1
ready	1
real	1
real estate	4
realisation	4
realise	2
realism	5
realist	5
realistic	3
reality	3
realization	4
realize	2
really	1
reap	5
rear	4
rearrange	3
reason	1
reasonable	3
reasonably	4
reassurance	5
reassure	5
rebel	4
rebellious	4
rebound	6
rebuild	3
rebuke	6
recall	3
receipt	2
receive	2
recent	2
recently	2
reception	3
receptionist	2
recess	5
recession	4
recessive	5
recharge	5
recipe	4
recitation	6
recite	3
reckon	4
reclaim	3
recluse	6
reclusive	6
recognisable	5
recognisably	5
recognise	3
recognition	4
recognizable	5
recognizably	5
recognize	3
recollect	4
recollection	4
recommend	3
recommendable	4
recommendation	4
reconcile	6
reconciliation	6
reconsider	4
record	2
recording	3
recourse	6
recover	3
recovery	3
recreation	4
recruit	4
rectangular	4
recumbent	6
recuperate	6
recuperation	6
recuperative	6
recycle	2
recycled	3
recycling	3
red	1
rediscover	5
redo	4
reduce	3
reduction	3
redundancy	6
redundant	4
redundantly	6
reed	4
reef	3
reenact	5
refer	2
referee	3
reference	4
referent	4
refinery	4
reflect	2
reflection	3
reflective	4
reform	4
refrain	4
refresh	4
refreshing	5
refreshingly	5
refreshments	3
refrigerator	2
refuge	4
refugee	4
refund	3
refurbish	5
refurbishment	5
refusal	3
refuse	3
refute	4
regain	3
regard	3
regarding	3
regardless	4
reggae	4
regime	4
region	3
regional	3
register	3
registration	3
regret	2
regrettably	4
regular	2
regularly	2
regulate	4
regulation	3
regulatory	6
rehearsal	4
reinforce	4
reinforcement	4
reissue	6
reject	3
rejection	4
rejoin	4
relapse	5
relate	3
related	4
relation	3
relationship	3
relative	3
relatively	3
relativity	4
relax	2
relaxation	4
relaxed	2
relaxing	3
relay	4
release	2
relegate	6
relevant	4
reliable	3
relic	4
relief	4
relieve	4
relieved	4
religion	3
religious	3
relinquish	5
reluctant	4
reluctantly	5
rely	3
remain	2
remainder	3
remaining	4
remains	4
remark	3
remarkable	3
remarkably	4
remedial	5
remedy	3
remember	1
remembrance	3
remind	2
reminder	4
reminisce	5
reminiscent	5
remit	6
remittance	6
remonstrance	6
remonstrate	6
remorse	5
remorseful	6
remorsefully	5
remorseless	5
remorselessly	5
remote	2
remote control	3
remotely	5
remove	3
removed	5
render	5
rendering	5
renew	3
renown	5
rent	2
rental	4
reorganise	4
reorganize	4
repaint	4
repair	2
repay	3
repeat	1
repeatedly	3
repel	5
repellant	5
repertoire	4
repertory	5
repetition	4
replace	2
replacement	4
replica	4
reply	2
report	2
reporter	1
repose	6
represent	2
representative	3
repress	4
repression	4
reprint	4
reproach	6
reproduce	3
reprove	4
reptilian	6
republic	3
reputation	3
repute	5
request	2
require	3
requirement	3
requisition	6
rescue	3
research	2
researcher	3
resemble	3
resent	5
reservation	3
reserve	3
residence	4
resident	3
residential	3
residual	6
residue	6
resign	4
resignation	4
resilience	5
resilient	5
resin	5
resist	3
resistance	4
resolution	4
resolve	3
resonant	4
resonate	5
resort	3
resound	6
resounding	6
resoundingly	6
resource	3
respect	3
respectable	3
respectably	4
respected	4
respiration	4
respiratory	4
respite	5
respond	3
response	2
responsibility	3
responsible	3
rest	3
restaurant	1
restoration	5
restorative	5
restore	3
restrict	3
restriction	4
result	1
resume	4
resuscitate	6
resuscitation	6
retail	3
retailer	4
retain	3
retard	4
retell	3
retention	5
retina	4
retire	2
retired	2
retirement	4
retrace	5
retreat	4
retrieve	4
retrospect	3
retrospection	6
retrospective	6
return	2
reunification	3
reunify	3
reunion	2
reveal	2
revealing	5
revelation	4
revelatory	6
revenge	4
revenue	4
reverb	6
reverberate	6
reverberation	6
revere	5
reverence	4
reverse	4
review	1
revile	6
revise	3
revision	3
revival	4
revive	4
revolution	4
revolutionary	4
revolutionise	4
revolutionize	4
revolve	4
revulsion	6
reward	3
rewrite	3
rhetoric	6
rhetorical	6
rhetorically	6
rhinoceros	4
rhyme	4
rhythm	2
rhythmic	4
rib	4
ribbon	1
rice	1
rich	1
rickety	6
rid	3
riddle	3
ride	1
rider	4
ridge	4
ridiculous	3
rife	6
rift	6
right	1
right-hand	2
righteousness	4
rightly	4
rim	4
ring	1
rip	4
ripe	3
rise	3
risk	3
risky	4
rite	4
ritual	4
rival	4
river	1
riveting	5
road	2
roadside	3
roam	4
roar	4
roast	2
rob	2
robbery	2
robin	2
robot	3
robust	5
robustly	5
rock	2
rocket	4
rocky	4
role	1
roll	2
rolling	3
romance	2
romantic	2
romp	6
romper	6
roof	2
room	1
roommate	4
root	2
rope	2
rose	1
rosy	4
rotate	5
rotten	3
rough	3
roughly	2
round	2
roundabout	2
roundup	5
route	4
routine	3
row	1
royal	2
royalty	4
rub	4
rubber	3
rubbish	3
rubble	4
rude	1
rudely	3
rudimentary	5
rudiments	5
rug	4
rugby	2
ruin	2
ruinous	4
rule	1
ruler	1
rumble	5
ruminant	6
ruminate	6
rumination	6
ruminative	6
rumor	2
rumour	2
run	1
runaway	3
runner	2
running	2
runway	3
rural	4
rush	2
rush hour	4
rustle	5
rusty	4
ruthless	5
ruthlessness	5
sack	4
sacred	3
sacrifice	5
sad	1
sadly	2
sadness	3
safari	3
safe	2
safeguard	3
safely	3
safety	3
sag	4
sage	4
sail	4
sailing	2
sailor	1
sake	2
salad	1
salary	4
sale	1
salesman	3
salesmanship	4
salesperson	4
saleswoman	4
salivary	6
salivate	5
salmon	3
salon	4
saloon	5
salsa	4
salt	2
salty	4
salvage	5
salvation	5
salve	5
same	1
sample	2
sanctity	5
sand	3
sandal	3
sandstone	4
sandwich	1
sandwiched	6
sandy	2
sanitary	4
sanitation	4
sap	5
sarcasm	5
sarcastic	5
sarcastically	5
satellite	3
satisfaction	3
satisfactory	4
satisfied	3
satisfy	2
saturday	1
sauce	2
saucepan	3
saucer	3
sauna	5
sausage	2
save	1
saving	4
savings	4
saw	1
say	1
scale	2
scan	3
scandal	4
scar	4
scarcely	4
scare	3
scared	3
scarf	2
scarlet	4
scary	3
scathing	5
scatter	3
scavenger	6
scenario	5
scene	2
scenery	2
scenic	3
scent	4
schedule	2
scheduled	4
scheme	4
scholar	3
scholarly	6
scholarship	3
scholasticism	4
school	1
schoolchild	2
schoolgirl	4
schoolmate	3
schoolteacher	3
schoolwork	2
science	1
science fiction	3
scientific	2
scientifically	4
scientist	1
scissors	2
scoff	5
scold	3
scooter	4
scope	3
score	3
scorn	5
scornful	5
scornfully	5
scramble	4
scratch	3
scream	2
screen	2
screenplay	5
screenwriter	5
screw	2
scribble	4
script	2
scroll	6
scrooge	4
scrutinise	5
scrutinize	5
scrutiny	5
scuba	4
sculpture	3
scythe	4
sea	1
seafood	2
seal	4
search	2
seaside	2
season	3
seasonal	4
seat	1
seawater	3
seaweed	3
second	1
second person	4
second-hand	3
secondary	4
secondary school	3
secondly	4
secret	2
secretary	2
secretly	3
section	1
sector	4
secular	6
secularly	6
secure	3
security	3
sedate	5
sedately	5
sedentary	5
see	1
seed	2
seedling	5
seedy	6
seek	2
seem	2
seesaw	4
segment	4
seismic	6
seize	3
seldom	4
select	3
selection	3
selectivity	6
self	1
self-aggrandisement	6
self-aggrandizement	6
self-confidence	4
self-confident	4
self-conscious	5
self-service	3
self-worth	5
selfish	3
selfless	4
sell	1
seller	4
semester	2
semi-final	4
semicolon	4
seminar	4
senator	4
send	2
senior	2
sensation	3
sense	2
sensible	4
sensitive	4
sentence	1
sentient	5
sentiment	5
sentimental	5
sentimentally	5
separate	2
separately	4
separation	3
september	1
sequel	5
sequence	3
serene	4
serial	4
series	3
serious	3
seriously	2
servant	4
serve	2
server	3
service	3
session	3
set	1
setback	4
settee	5
setting	3
settle	3
settlement	3
settler	3
seven	1
seventeen	1
seventy	1
several	2
severe	3
severely	3
sew	2
sex	3
sexism	4
sexual	4
sexy	4
shabby	4
shade	2
shadow	2
shadowy	3
shake	1
shaken	4
shakespearean	4
shaky	4
shall	2
shallow	3
shamble	6
shambles	5
shame	3
shameful	3
shampoo	2
shape	2
share	1
sharp	3
sharply	4
shatter	4
shave	3
she	1
sheaf	6
shed	4
sheep	1
sheer	3
sheet	3
shelf	1
shell	2
shelter	3
sheriff	3
shield	4
shift	3
shimmer	6
shine	2
shiny	3
ship	1
shipping	4
shipwreck	4
shirt	1
shiver	3
shoal	6
shock	2
shocked	3
shocking	3
shoe	1
shoot	2
shooting	4
shop	1
shop assistant	2
shopkeeper	4
shoplift	4
shoplifter	4
shoplifting	4
shopper	3
shopping	1
shore	2
short	1
short-term	4
shortage	3
shortlist	5
shortly	3
shortness	4
shorts	2
shot	2
should	1
shoulder	1
shout	2
show	1
showbiz	4
showcase	4
shower	1
showy	5
shrimp	3
shrink	4
shrug	4
shut	2
shy	1
sick	1
sickness	3
side	1
side-step	6
sidewalk	3
sigh	3
sight	1
sightseeing	2
sign	1
signal	3
signature	3
significance	3
significant	2
significantly	4
signify	4
signpost	3
silence	2
silent	3
silently	2
silhouette	5
silk	3
silly	2
silver	2
silverware	4
similar	2
similarity	3
similarly	3
simple	2
simplicity	5
simplification	4
simplify	3
simply	2
simultaneous	4
simultaneously	3
since	2
sincere	4
sincerity	4
sing	1
singe	6
singer	1
singing	2
single	2
singular	2
sink	2
sir	1
sister	1
sister-in-law	4
sit	1
site	1
sitting room	2
situation	2
six	1
sixteen	1
sixty	1
size	1
skate	2
skateboard	4
skateboarder	4
skateboarding	2
skating	2
skeleton	3
sketch	4
sketchbook	5
skew	6
ski	2
skiing	2
skilful	4
skilfully	4
skill	1
skilled	4
skillful	4
skillfully	4
skim	4
skin	3
skip	4
skirt	1
sky	1
skylark	4
skyscraper	3
skyward	4
slab	6
slack	5
slackly	5
slam	4
slang	4
slap	4
slash	4
slaughter	4
slave	2
slavery	3
sleep	1
sleepless	2
sleepy	2
sleeve	3
slice	2
slide	2
slight	3
slightly	3
slim	2
slip	3
slither	6
sliver	4
slob	5
slogan	3
slope	3
sloppy	4
slot	3
slow	1
slowly	2
small	1
smart	1
smash	4
smattering	6
smell	1
smile	1
smith	1
smoke	1
smoker	3
smokestack	4
smoking	1
smooth	2
smoothly	2
smug	5
smugly	5
snack	2
snail	5
snake	1
snap	4
sneak	4
sneer	4
sneeze	3
sniff	4
snippet	6
snobbery	6
snooze	5
snore	4
snow	1
snowball	4
snowboard	3
snowboarding	2
snowstorm	3
snowy	1
so	1
so-called	4
soak	4
soaked	4
soaking	4
soap	2
soap opera	3
soar	4
sob	4
soccer	1
sociable	4
social	1
social networking	3
socialise	4
socialization	5
socialize	4
socially	3
society	2
sock	2
soda	2
sofa	1
soft	2
soft drink	2
softly	2
softness	4
software	2
soil	3
solar	4
soldier	2
solicit	6
solid	3
solidity	4
soliloquize	6
soliloquy	4
solipsism	6
solitariness	6
solitary	6
solitude	6
solo	4
solution	2
solve	1
solvent	4
somber	5
somberly	5
sombre	5
sombrely	5
some	1
somebody	2
someday	2
somehow	3
someone	1
someplace	3
somersault	5
something	1
sometime	3
sometimes	3
somewhat	4
somewhere	2
son	1
son-in-law	4
song	1
sonnet	4
soon	1
soothe	3
sophisticated	4
sophomore	3
sore	3
sorrow	3
sorry	1
sort	3
soul	3
sound	2
soundtrack	4
soup	1
sour	3
source	2
south	2
southeast	3
southern	3
southward	4
southwest	3
souvenir	3
soviet	4
soybean	4
spa	4
space	2
spaceship	2
spacious	5
spaghetti	2
span	4
spare	4
sparerib	4
spark	4
sparkle	3
sparkling	4
sparrow	4
spartan	5
spatial	6
spatially	6
speak	1
speaker	2
special	1
specialise	3
specialist	3
specialize	3
specially	3
specialty	4
species	4
specific	2
specifically	4
specification	5
specify	4
specimen	5
spectacle	4
spectacular	3
spectator	3
speculate	5
speculation	5
speculative	5
speech	1
speed	2
speeder	4
spell	1
spellbound	4
spelling	3
spend	1
sphere	3
spice	3
spicy	3
spider	3
spill	2
spin	4
spinach	3
spiral	3
spire	6
spirit	3
spiritual	3
spite	4
splash	2
splatter	4
splinter	6
split	2
spoil	3
spokesman	4
spokeswoman	4
sponge	3
sponsor	3
sponsorship	5
spontaneity	6
spontaneous	5
spontaneously	5
spoon	2
sport	1
sports	3
sports center	2
sports centre	2
sportsmanship	3
spot	1
sprawl	5
spray	4
spread	2
spreadsheet	4
spring	1
sprint	4
sprout	5
spur	4
spurious	6
spuriously	6
spy	1
squad	4
squander	5
square	2
squash	4
squeeze	4
squint	6
squirm	6
squirmy	6
stab	4
stabilise	6
stability	4
stabilize	6
stable	3
staccato	5
stack	4
stadium	2
staff	2
stage	1
stagger	4
staggering	5
stain	4
stair	2
stake	4
stall	3
stamina	5
stammer	4
stamp	2
stand	1
standard	3
standby	4
standing	6
standstill	4
stanza	4
staple	5
star	1
stare	3
start	1
startle	4
startling	5
startlingly	5
starvation	4
starve	4
starving	4
state	2
stately	5
statement	2
statesman	4
statewide	4
station	1
statistics	4
statue	2
status	3
stay	1
steadily	3
steady	3
steak	2
steal	2
steam	3
steel	3
steely	4
steep	3
steer	4
steering wheel	4
stem	3
step	1
stepfather	4
stepmother	4
stereotype	4
sterility	6
stern	4
stew	4
stick	3
sticker	3
sticky	3
stiff	4
stiffen	5
still	1
stimulant	4
stimulate	4
stimulation	4
stimuli	5
stingy	4
stink	4
stipulate	6
stipulation	6
stir	3
stitch	4
stock	4
stock market	4
stockpile	4
stoicism	6
stoke	5
stomach	2
stomachache	2
stone	1
stonework	4
stool	4
stop	1
stopover	4
stopwatch	4
storage	3
store	1
storm	2
stormy	3
story	1
storyteller	3
stove	2
straight	1
straighten	4
straightforward	4
strain	3
strait	4
strand	4
strange	1
strangely	3
stranger	2
strangle	4
strap	5
strapping	5
strategic	3
strategy	2
stratosphere	6
straw	3
strawberry	3
stray	5
stream	3
street	1
strength	2
strengthen	3
stress	3
stressed	3
stressful	3
stressfully	5
stretch	3
stretching	5
stricken	3
strict	1
strictly	4
stride	4
strike	2
striking	4
string	2
stringent	6
stringently	6
strip	3
stripe	3
strive	4
stroke	4
strong	1
strongly	2
structural	5
structurally	5
structure	2
struggle	3
stubborn	3
stubbornly	4
stuck	3
student	1
studio	3
study	1
stuff	2
stuffed	3
stuffily	5
stuffiness	5
stuffy	5
stultify	6
stultifyingly	6
stumble	3
stun	3
stunning	3
stupid	3
style	2
stylish	3
stylist	4
stylistic	5
stylistically	5
subconscious	3
subcontinent	4
subculture	4
subdivision	4
subject	1
subjunctive	4
submarine	3
submit	4
subordinate	5
subplot	4
subside	4
subsidize	6
subsidy	6
subsist	6
subsistence	6
substance	4
substantial	3
substantially	5
substantiate	6
substitute	3
subtitle	4
subtle	4
subtly	5
subtract	4
suburb	4
suburban	5
suburbia	5
subway	1
succeed	2
success	2
successful	1
successfully	2
succession	5
successive	4
succulent	5
succulently	5
succumb	6
such	2
suck	4
sudden	2
suddenly	3
suds	5
sue	4
suffer	3
suffering	4
suffice	5
sufficient	3
sufficiently	4
suffix	3
suffuse	6
sugar	1
suggest	2
suggestion	1
suicide	3
suit	2
suitable	2
suitably	4
suitcase	2
suitor	5
sulfur	4
sulphur	4
sulphuric	6
sum	1
summarily	6
summarise	3
summarize	3
summary	2
summer	1
summit	3
sun	1
sunbathe	3
sunbeam	4
sunday	1
sundial	3
sunflower	2
sunglasses	2
sunlight	2
sunny	1
sunrise	3
sunset	3
sunshine	1
super	1
superb	4
superficial	5
superficially	5
superfluous	6
superfluously	6
superintendent	4
superior	3
superlative	2
supermarket	1
supernatural	4
superstar	2
superstition	3
supervise	4
supervision	4
supervisor	4
supper	2
supple	5
supplement	4
supplier	4
supply	3
support	2
supporter	3
supportive	3
suppose	3
supposedly	3
suppress	4
sure	1
surely	3
surf	1
surface	3
surfing	2
surge	4
surgeon	3
surgery	3
surname	2
surprise	1
surprised	2
surprising	2
surprisingly	3
surrealism	6
surrealist	6
surrender	4
surreptitious	6
surreptitiously	6
surround	3
surrounding	3
surroundings	4
surveillance	4
survey	1
survival	3
survive	2
survivor	3
suspect	3
suspend	4
suspension	5
suspicion	3
suspicious	4
suspiciously	4
sustain	4
sustainable	5
sustainably	5
swallow	2
swan	4
swap	5
swarm	3
swear	3
sweat	2
sweater	2
sweatshirt	3
sweep	4
sweet	1
sweetheart	2
swell	3
swift	4
swim	1
swimmer	3
swimming	1
swimming costume	2
swimming pool	1
swimsuit	2
swing	4
switch	3
swivel	6
swollen	3
sword	3
syllabic	6
syllable	4
symbol	2
symbolic	4
sympathetic	4
sympathise	4
sympathize	4
sympathy	3
symphony	2
symptom	3
symptomatic	5
syndrome	3
synonym	4
synopsis	5
synthesis	6
synthetic	5
synthetically	5
system	2
systematic	3
t-shirt	1
table	1
table tennis	2
tablecloth	4
tablespoon	2
tablet	3
tabloid	4
tacit	6
tacitly	6
taciturn	6
taciturnity	6
tack	4
tackle	4
tact	5
tactful	5
tactfully	5
tactic	6
tactical	6
tactically	6
tactile	4
tag	4
tail	4
tailor	5
take	1
take-off	3
takeaway	3
takeoff	3
tale	3
talent	2
talented	3
talk	1
talkative	3
tall	1
tame	4
tan	4
tangle	5
tangled	5
tank	3
tanned	4
tantalise	6
tantalisingly	6
tantalize	6
tantalizingly	6
tantamount	5
tantrum	5
tap	2
tape	2
target	2
task	2
taste	3
taste-maker	6
tastebud	5
tasteless	3
tasty	3
tatter	4
tattoo	4
taunt	4
taut	5
tautly	5
tax	3
taxi	1
tea	1
teach	1
teacher	1
teaching	3
team	1
teammate	3
teamwork	3
tear	2
tease	3
teaspoon	4
technical	4
technically	4
technique	3
technological	3
technology	1
tedious	5
tediously	5
tedium	5
tee-shirt	1
teem	6
teen	3
teenage	2
teenager	2
telecommunications	3
telegram	3
telephone	1
telescope	4
telescopic	6
telescopically	6
television	1
tell	1
teller	3
telltale	5
temper	3
temperament	5
temperamental	5
temperamentally	5
temperate	4
temperature	2
temple	1
temporarily	4
temporary	3
tempt	3
temptation	4
ten	1
tenacious	6
tenaciously	6
tenacity	6
tend	3
tendency	3
tender	4
tenderly	4
tenderness	4
tennis	1
tense	3
tension	3
tent	3
term	3
terminal	3
terrace	4
terrain	5
terrible	1
terribly	3
terrific	3
terrified	3
terrify	2
terrifying	4
territory	4
terror	3
terrorism	3
terrorist	2
test	1
testament	5
testify	4
testimonial	6
testimony	4
tetchy	6
text	2
text message	2
textbook	2
than	1
thank	1
thankful	3
thanks	1
that	1
the	1
theater	1
theatre	1
theft	3
their	1
theirs	2
them	1
theme	4
themselves	2
then	1
theorist	4
theory	3
therapist	4
therapy	4
there	1
thereafter	4
thereby	5
therefore	2
thermometer	4
these	1
thesis	4
they	1
thick	1
thicket	6
thickly	4
thickness	4
thief	2
thigh	4
thin	1
thing	1
think	1
thinker	4
third	2
third person	4
thirdly	4
thirst	3
thirsty	2
thirteen	1
thirty	1
this	1
thorough	3
thoroughly	4
those	1
though	2
thought	2
thoughtful	4
thoughtless	4
thousand	2
thread	4
threat	3
threaten	4
threatening	3
three	1
thrill	4
thrilled	4
thriller	3
thrilling	4
throat	4
through	1
throughout	3
throw	1
thumb	3
thump	3
thunder	3
thunderous	3
thunderstorm	2
thursday	1
thus	3
tick	3
ticket	1
tickle	4
tide	3
tidy	2
tie	2
tiger	1
tight	1
tighten	3
tightly	3
tightrope	4
tights	2
tile	3
till	2
time	1
timeless	4
timeliness	4
timely	3
times	4
timetable	2
timid	5
timidity	6
timing	4
tin	3
tinker	5
tiny	3
tip	2
tiptoe	4
tire	3
tired	1
tiredness	4
tiresome	4
tiring	3
tissue	3
title	2
to	1
toast	2
tobacco	3
today	1
toe	2
toenail	4
together	1
toil	4
toilet	1
tolerant	4
tolerate	4
toll	4
tomato	1
tomb	4
tomorrow	1
ton	4
tone	2
tongue	3
tonight	1
too	1
tool	1
tooth	1
toothache	2
toothbrush	2
toothpaste	3
top	1
topic	1
topographical	6
topographically	6
topography	6
topple	6
torch	4
torment	5
tornado	3
torrential	6
tortoiseshell	4
torture	4
torturous	5
toss	3
total	3
totally	3
totemic	6
totter	6
touch	1
tough	4
toughness	5
tour	2
tour guide	2
tourism	3
tourist	2
tournament	3
toward	2
towards	2
towel	1
tower	1
town	1
toxic	4
toy	1
trace	3
track	2
tracksuit	3
tract	5
trade	2
trader	4
tradition	2
traditional	2
traditionally	3
traffic	2
traffic jam	3
traffic light	2
tragedy	3
tragic	3
trail	3
trailer	4
train	1
trainee	4
trainer	4
training	2
trait	4
traitor	4
tram	2
tramp	4
trample	4
trampoline	5
tranquil	5
tranquilise	6
tranquility	5
tranquilize	6
transatlantic	5
transcript	4
transfer	3
transfix	5
transform	3
transformation	3
transfusion	4
transient	4
transistor	4
transit	5
transition	4
transitional	3
transitive	4
translate	3
translation	4
translator	4
transmission	4
transmit	4
transmitter	6
transparent	4
transport	3
transportation	3
trap	2
trash	3
trauma	5
traumatic	5
travel	1
travel agent	3
traveler	2
traveller	2
traverse	4
tray	4
treacherous	6
treacherously	6
treachery	6
tread	4
treasure	2
treat	3
treatment	3
treaty	4
tree	1
trek	4
tremble	3
tremendous	3
tremendously	4
tremor	4
trend	3
trial	4
triangle	4
tribe	4
trick	2
tricky	4
trifle	6
trigger	3
trim	3
trio	4
trip	1
triumph	3
trivial	4
trolley	4
troop	4
trophy	4
tropic	4
tropical	3
trouble	2
troublesome	4
trousers	1
truck	1
true	1
truism	6
truly	2
trumpet	3
trunk	4
trust	2
trustworthy	3
trusty	4
truth	2
truthful	4
truthfulness	4
try	1
trying	5
tub	4
tube	1
tuberculosis	4
tuesday	1
tug	4
tuition	4
tulip	4
tumble	3
tumor	4
tumour	4
tuna	3
tune	2
tunnel	4
turbulence	3
turbulent	4
turkey	1
turmoil	5
turn	1
turn to	5
turning	3
turret	6
turtle	3
tutor	4
tv	1
twelve	1
twenty	1
twice	2
twin	3
twinkle	4
twist	3
twisted	4
twitch	5
two	1
tycoon	5
type	1
typhoid	4
typical	3
typically	3
tyranny	4
tyrant	4
ugly	1
ultimate	4
ultimately	4
umbrella	1
unable	3
unacceptable	4
unadulterated	6
unafraid	3
unashamedly	4
unassisted	5
unattractive	4
unauthorised	4
unauthorized	4
unavailable	4
unaware	4
unbearable	4
unbeatable	4
unbelievable	3
uncanny	6
uncertain	2
uncertainty	3
unchanged	4
uncharacteristic	4
uncle	1
unclear	3
unclearly	4
uncomfortable	2
uncomfortably	4
uncommon	4
unconcerned	4
unconscious	4
uncontrollable	3
unconventional	5
unconvincing	5
unconvincingly	5
uncover	3
undaunted	5
undemonstrative	6
undemonstratively	6
under	1
underage	3
underestimate	4
undergo	3
undergraduate	4
underground	4
underline	1
underneath	3
underpants	3
undersea	4
understand	2
understandable	4
understanding	4
undertake	4
underwater	2
underwear	4
undiminishing	6
undo	3
undoubtedly	4
undreamed	4
undress	3
undressed	4
unease	4
uneasily	4
uneasy	2
unemployed	3
unemployment	3
unencumbered	6
unenthusiastic	4
unenviable	5
unenviably	5
unequivocal	6
unequivocally	6
uneven	4
uneventful	5
unexceptional	6
unexceptionally	6
unexcused	6
unexpected	3
unexpectedly	3
unfair	2
unfairly	3
unfamiliar	4
unfashionable	4
unfeasible	6
unfeasibly	6
unfit	3
unfold	3
unforeseen	4
unforgettable	2
unfortunate	3
unfortunately	2
unfriendly	3
ungodly	4
unhappiness	4
unhappy	2
unharried	6
unhealthy	2
unheard	3
unhelpful	4
uniform	2
uniformity	5
unify	3
unimaginable	4
unimaginably	4
unimportant	2
uninspiring	5
uninterested	3
uninteresting	3
union	3
unique	3
unison	5
unit	2
unite	3
united	4
universal	4
universe	3
university	2
unjustly	4
unkind	4
unknown	2
unless	3
unlike	2
unlikely	3
unlimited	4
unload	4
unlock	4
unlucky	3
unmanageable	5
unmanned	5
unmediated	6
unmistakable	4
unmistakably	4
unmusical	5
unmusically	5
unnatural	4
unnecessary	2
unnerve	6
unnerving	6
unnervingly	6
unobtrusive	6
unobtrusively	6
unobtrusiveness	6
unoccupied	5
unofficial	4
unpack	3
unpleasant	2
unplug	5
unpopular	4
unpredictable	3
unpromising	6
unravel	6
unrealistic	4
unreasonable	4
unrelated	3
unreliable	4
unreliably	5
unrest	4
unsafe	4
unsatisfactory	4
unscathing	5
unselfish	4
unsettle	5
unsettling	5
unstoppable	4
unsuccessful	4
unsuitable	4
unsure	4
unsurpassed	6
unsuspected	6
unsustainable	5
unsustainably	5
untalented	4
untangle	5
untangled	5
unthinkably	4
untidy	3
untie	4
until	1
unto	4
untreated	4
untrimmed	4
unusual	2
unusually	3
unusualness	4
unwanted	3
unwavering	5
unwaveringly	5
unwell	3
unwilling	4
unwise	4
unworldly	4
up	1
up-to-date	3
upbringing	4
update	3
upgrade	4
upheaval	5
uplifted	3
upload	3
upon	2
upper	3
upright	4
upset	2
upside down	4
upstairs	2
upward	3
urban	4
urge	3
urgent	3
urgently	4
us	1
usage	3
use	1
used	2
used to	3
useful	2
useless	3
user	4
usher	4
usual	2
usually	1
utensil	5
utilisation	6
utilise	4
utilitarian	6
utility	4
utilization	6
utilize	4
utter	4
utterly	4
vacancy	3
vacant	4
vacation	1
vaccine	4
vague	3
vain	3
valentine	4
valid	4
valley	2
valuable	3
value	2
van	3
vandal	6
vandalize	6
vanish	4
vanity	4
variation	4
varied	4
variety	3
various	3
vary	3
vase	1
vast	3
vegetable	1
vegetarian	3
vegetation	5
vehicle	3
vein	3
venerate	5
veneration	5
venomous	6
venomously	6
ventilate	5
ventilation	5
venture	4
venue	4
verandah	5
verb	2
verbal	4
verbally	4
verbatim	6
verdict	5
verily	6
verisimilitude	6
veritable	6
vermin	6
versatile	5
versatility	5
verse	4
version	4
versus	4
vertical	5
verve	5
very	1
vessel	3
vestigial	6
vestigially	6
vet	3
veteran	4
via	3
vibrate	4
vibration	4
vice	3
vice president	3
vicinity	6
vicious	5
viciously	5
victim	3
victorious	5
victoriously	5
victory	3
video	1
video clip	3
video game	2
view	2
viewer	4
viewpoint	3
vigor	4
vigorous	4
vigorously	4
vigour	4
villa	4
village	2
villager	4
vindicate	6
vindication	6
vinegar	4
violate	4
violence	3
violent	2
violently	3
violet	5
violin	2
virginal	6
virtual	3
virtual reality	4
virtually	4
virtue	4
virtuosity	6
virtuoso	6
virus	3
vis-a-vis	6
visa	3
visible	3
visibly	4
vision	3
visit	1
visitor	2
visual	3
visually	3
vital	4
vitality	5
vitamin	4
vivid	3
vividly	3
vocabulary	2
vocalist	4
vocational	6
voice	2
volcano	3
volleyball	1
volume	3
voluntarily	5
voluntary	5
volunteer	3
vomit	4
voracious	5
voraciously	5
voracity	6
vortex	6
vote	1
voter	4
vow	4
vowel	3
voyage	3
wage	4
wagon	3
waist	4
waistcoat	4
wait	1
waiter	1
waitress	1
wake	1
walk	1
walkabout	4
walker	4
walking	2
wall	1
wallboard	4
wallet	2
wallow	6
walnut	4
wander	2
wane	6
want	1
war	1
ward	3
wardrobe	3
wares	5
warm	1
warmly	3
warmth	3
warn	3
warning	3
warranty	3
warrior	3
warship	4
wartime	4
wary	5
was	1
wash	1
washbowl	3
washing machine	2
washing-up	2
washtub	5
wasp	4
waste	3
wasteful	3
watch	1
water	1
waterfall	3
waterfront	5
waterproof	4
wave	2
wax	3
way	1
wayside	5
wayward	6
we	1
weak	2
weaken	4
weakly	4
weakness	3
wealth	2
wealthy	4
weapon	3
wear	1
wearisome	4
weary	4
weather	1
weather forecast	3
weave	4
web	2
web page	2
webcam	3
website	2
wed	4
wedding	2
wednesday	1
weed	4
week	1
weekday	2
weekend	1
weekly	2
weep	2
weigh	2
weight	2
weird	3
welcome	1
welfare	4
well	1
well-balanced	4
well-built	4
well-dressed	3
well-known	2
well-organised	4
well-organized	4
well-paid	4
were	1
west	2
western	4
westward	3
wet	2
wetland	3
whale	3
what	1
whatever	2
wheat	4
wheel	1
wheelchair	2
wheeze	6
when	1
whenever	3
where	1
whereas	4
wherever	3
whether	3
which	1
whichever	3
while	2
whilst	5
whip	4
whir	6
whirlwind	6
whiskey	4
whisky	4
whisper	3
whistle	3
white	1
who	1
whoever	3
whole	2
wholly	6
whom	2
whose	1
why	1
wicked	5
wickedly	5
wide	2
widely	2
widen	4
widespread	3
widow	4
width	4
wife	1
wild	2
wilderness	4
wildlife	3
wildly	3
will	1
willing	4
willingly	4
willingness	3
win	1
wind	1
winding	4
window	1
windscreen	3
windshield	4
windsurfing	3
windy	2
wine	2
wing	3
wink	4
winner	2
winter	1
wipe	4
wire	3
wisdom	2
wise	2
wish	1
wistful	6
wistfully	6
wit	4
with	1
withdraw	4
withdrawal	4
withdrawn	5
wither	3
within	2
without	2
witness	3
witty	4
wizard	3
wizened	5
wolf	4
woman	1
wonder	2
wonderful	1
wondrous	4
woo	5
wood	2
woodcarving	4
wooded	5
wooden	2
wool	2
word	1
wordage	6
wordlessly	4
wordsmith	6
work	1
workaholic	4
workbench	4
worker	1
working	3
workman	4
workout	3
workplace	3
workshop	3
worktable	4
world	1
worldly	4
worldview	4
worldwide	2
worm	4
worn	3
worn out	4
worn-out	4
wornout	4
worried	2
worry	1
worrying	4
worse	2
worsen	4
worship	4
worst	2
worth	3
worthless	4
worthwhile	3
worthy	3
would	1
wound	3
wrack	6
wrangle	5
wrap	3
wrapping	3
wreck	4
wrench	5
wrist	3
wristwatch	3
write	1
writer	1
writing	2
written	3
wrong	1
wrongly	4
wry	5
wryly	5
x-ray	4
yacht	4
yard	1
yawn	4
yeah	2
year	1
yearn	4
yell	3
yellow	1
yes	1
yesterday	1
yet	1
yield	4
yoga	3
yoghurt	1
yogurt	1
you	1
young	1
your	1
yours	1
yourself	1
youth	2
youthful	4
yummy	4
zany	5
zebra	4
zip	4
zone	2
zoo	1
zoologist	6
zoology	6
zoom	4
