あ	2
ああ	1
あいにく	3
あいまい	4
あくどい	5
あくび	4
あげる	2
あざ	5
あせる	5
あそこ	1
あちこち	3
あちら	1
あちらこちら	4
あっさり	5
あっち	1
あつらえる	5
あなた	1
あの	1
あふれる	4
あぶる	4
あべこべ	5
あみもの	4
あやふや	5
あらゆる	3
あらわす	4
ありがとう	3
ありのまま	5
ありふれる	5
あるいは	3
あれ	1
あれこれ	4
あんな	2
あんなに	3
あんまり	3
いい;よい	1
いいえ	1
いい加減	5
いかが	1
いかに	5
いかにも	5
いきなり	4
いくつ	1
いくら	1
いくらても	2
いけない	3
いざ	5
いじめる	2
いじる	5
いずれ	3
いたずら	3
いただきます	3
いただく	2
いたって	5
いたわる	5
いち	4
いちいち	4
いっそ	5
いってきます	4
いってまいります	4
いつ	1
いつか	3
いつでも	3
いつのまにか	3
いつまでも	3
いつも	1
いびき	5
いやに	5
いやらしい	5
いよいよ	4
いらいら	3
いらっしゃい	3
いらっしゃる	2
いわゆる	3
うかがう	2
うがい	3
うたた寝	5
うち	1
うっかり	3
うっとうしい	5
うつむく	5
うどん	4
うなずく	4
うなる	3
うぬぼれ	5
うまい	2
うるさい	1
うろうろ	4
うん	2
うんざり	5
うんと	4
ええ	1
ええと	4
お	1
おいでになる	2
おおい	5
おおげさ	5
おおざっぱ	4
おおまかな	5
おかけください	4
おかげさまで	4
おかしい	2
おかず	4
おかまいなく	4
おき	2
おごる	5
おしまい	4
おじいさん	1
おだてる	5
おっかない	5
おっしゃる	2
おつり	2
おととし	1
おどおど	5
おはよう	4
おばあさん	1
おびただしい	5
おまけ	5
おまちどおさま	4
おまわりさん	1
おむつ	5
おめでたい	4
おめでとう	3
おもちゃ	2
おやつ	4
およそ	3
おる	2
おろそか	5
おわる	2
おんぶ	5
お世話になりました	4
お互い	3
お代わり	4
お休み	4
お使い	5
お供	5
お元気で	4
お兄さん	1
お先に	4
お出掛け	4
お前	3
お参り	4
お喋り	3
お土産	2
お大事に	4
お姉さん	1
お嬢さん	2
お子さん	2
お宅	2
お宮	5
お帰り	4
お弁当	1
お待たせしました	4
お待ちください	4
お手上げ	5
お手伝いさん	4
お手洗い	1
お昼	3
お母さん	1
お気の毒に	4
お洒落	3
お父さん	1
お産	5
お皿	1
お目に掛かる	3
お礼	2
お祝い	2
お祭り	2
お腹	1
お茶	1
お菓子	1
お袋	5
お見舞い	2
お辞儀	3
お邪魔します	4
お酒	1
お金	1
お金持ち	2
お陰	2
お願いします	4
お風呂	1
かかと	5
かかる	1
かく	5
かけざん	4
かける	1
かさばる	5
かさむ	5
かしこまりました	4
かしょ	4
かじる	4
かたかな	4
かたづく	4
かつて	5
かなり	3
かなわない	5
かばん	1
かび	4
かぶる	1
かぶれる	5
かまう	2
かもしれない	3
かゆい	3
からかう	4
かりに	5
かるた	4
かろうじて	5
か月	1
がち	4
がっかり	3
がっくり	5
がっしり	5
がっちり	5
がる	1
きしむ	5
きちっと	5
きちんと	3
きっかけ	4
きっかり	5
きっちり	5
きっと	2
きっぱり	5
きつい	3
きまりわるい	5
きらびやか	5
きり	5
きる	4
ぎっしり	4
くぐる	5
くしゃみ	4
くじ	5
くじびき	5
くすぐったい	5
くたびれる	4
くださる	2
くだらない	4
くっきり	5
くっつく	4
くっつける	4
くどい	4
くらい;ぐらい	1
くるむ	4
くれぐれも	4
くれる	2
ぐっすり	3
ぐっと	5
けがする	2
けがらわしい	5
けち	3
けなす	5
けれど;けれども	2
けんかする	2
げっそり	5
こう	2
こうして	4
こうようもみじ	4
こくせき	4
ここ	1
こしらえる	4
こじれる	5
こす	5
こたつ	5
こだわる	5
こちら	1
こちらこそ	4
こっそり	4
こっち	1
こつ	5
ことごとく	5
ことによると	3
こないだ	4
この	1
この間	2
この頃	2
こぼす	3
こぼれる	3
これ	1
これから	2
これら	3
ころ;ごろ	1
こんな	1
こんなに	3
こんにちは	3
こんばんは	4
ございます	2
ごちそう	2
ごちそうさま	4
ごと	4
ごまかす	5
ごみ	2
ごめんください	4
ごめんなさい	3
ごらんなさい	5
ごらんになる	2
ご主人	2
ご存じ	2
ご苦労様	4
さあ	1
さえずる	5
さきに	5
さす	4
さぞ	5
さっき	2
さっさと	4
さっと	5
さっぱり	3
さっぱりする	5
さて	3
さほど	5
さも	5
さようなら	4
さらう	5
さわやか	4
さん	1
さ来年	1
ざっと	3
しいんと	4
しかくしかくい	4
しかし	1
しかしながら	5
しかも	3
しきたり	5
しきりに	3
しくじる	5
したがって	3
しっかり	2
しっぽ	4
しつこい	4
しつれいしました	4
しなやか	5
しばしば	3
しばらく	2
しびれる	4
しぶとい	5
しぼむ	4
しまう	2
しまった	3
しみじみ	4
しめた	4
しめる	4
しゃがむ	4
しゃっくり	4
しゃぶる	4
しゃべる	3
しょうがない	4
しょっちゅう	5
しわ	4
じっくり	5
じっと	3
じゃ;じゃあ	1
じゃんけん	4
じゅうたん	4
すがすがしい	5
すぎ	1
すくう	5
すくなくとも	3
すぐに	1
すっかり	2
すっきり	4
すっと	2
すっぱい	3
すてき	3
すなわち	3
すばしこい	5
すまない	4
すみません	3
すみやか	5
すり	2
する	1
すると	2
すれちがい	5
すれ違う	3
すんなり	5
ずうっと	4
ずっと	3
ずつ	1
ずばり	5
ずぶぬれ	5
ずらす	4
ずらっと	5
ずらり	4
ずるずる	5
ずれ	5
ずれる	3
せっせと	4
せめて	4
ぜひとも	4
そう	2
そう;そうです	1
そういえば	4
そうして;そして	1
そうっと	4
そこ	1
そこで	3
そこら	5
そして	3
そそっかしい	4
そちら	1
そっくり	3
そっち	1
そっと	3
その	1
そのうえ	3
そのうち	3
そのころ	4
そのため	4
そのまま	3
その他	4
そば	1
そらす	5
そり	5
それ	1
それから	1
それぞれ	3
それで	2
それでは	1
それでも	3
それと	3
それとも	3
それなのに	4
それなら	4
それに	2
それはいけませんね	4
それほど	2
それゆえ	5
そろそろ	2
そんな	2
そんなに	2
ぞんざい	5
たくましい	5
たしか	3
ただ	3
ただいま	4
たち	1
たちまち	4
たっぷり	3
たて	1
たとえ	3
たばこ	1
たびたび	3
たまに	2
たまらない	3
ためらう	4
たやすい	5
たんす	4
だいいち	4
だから	2
だが	3
だけ	1
だけど	3
だす	2
だったら	5
だって	3
だと	5
だぶだぶ	5
だめ	2
だらけ	4
だらしない	4
だるい	5
ちぎる	4
ちっとも	2
ちゃん	2
ちゃんと	3
ちやほや	5
ちょうだい	3
ちょくちょく	5
ちょっと	1
ちらっと	5
ついて	2
ついで	4
つうか	4
つかの間	5
つくづく	5
つける	1
つじつま	5
つねる	5
つぶら	5
つぶる	5
つまずく	4
つまらない	1
つまり	3
つもり	2
てっきり	5
てっぺん	5
てんで	5
でかい	5
できもの	5
できる	1
できるだけ	2
できれば	3
ですから	3
でたらめ	4
では	1
でも	1
と	3
とうとう	2
とかく	5
とがめる	5
とぎれる	5
とげ	5
ところ	4
ところが	3
ところで	3
とっくに	4
とっさに	5
とって	5
とても	1
とにかく	3
とぼける	5
ともかく	4
とりあえず	5
とろける	5
とんだ	5
とんでもない	3
どう	1
どういたしまして	4
どうして	1
どうしても	3
どうせ	4
どうぞ	1
どうぞよろしく	3
どうにか	5
どうも	1
どうやら	5
どきどき	4
どこ	1
どこか	3
どころか	5
どちら	1
どっち	1
どっと	4
どなた	1
どの	1
どれ	1
どんどん	2
どんな	1
どんなに	3
ない	1
なお	3
なおさら	5
なさる	2
なぜ	1
なぜなら	3
など	1
なにしろ	4
なにとぞ	5
なにも	3
なにより	5
なる	1
なるたけ	5
なるべく	2
なるほど	2
なんか	5
なんだかんだ	5
なんとなく	4
なんとも	4
なんなり	5
にきび	5
にぎやか	1
にくい	2
にこにこ	4
にせ物	5
にっこり	3
にも関わらず	5
ねじ	4
ねじまわし	5
ねだる	5
のこぎり	4
のどか	5
のろのろ	4
のんびり	3
はあ	3
はい	1
はかない	5
はきはき	4
はく	1
はさみ	3
はじめまして	4
はず	2
はっきり	2
はまる	5
はめる	4
はらはら	5
ばい菌	5
ばかばかしい	5
ばからしい	4
ばかり	2
ばったり	3
ばてる	5
ばね	4
ばらまく	5
ひいては	5
ひげ	2
ひたすら	5
ひとまず	4
ひとりでに	4
ひどい	2
ひび	5
ひゃっかじてん	4
ひょっと	5
びっくりする	2
びっしょり	5
びら	5
びり	5
ぴかぴか	4
ぴたり	4
ぴったり	3
ふくめる	4
ふさわしい	5
ふざける	4
ふと	3
ふらふら	5
ふわふわ	4
ふんだん	5
ぶかぶか	5
ぶつかる	3
ぶつける	3
ぶつぶつ	4
ぶどう	2
ぶらさげる	4
ぶらぶら	5
へそ	4
へりくだる	5
ぺこぺこ	5
ほう	4
ほっと	3
ほっぺた	5
ほとり	5
ほとんど	2
ほぼ	3
ほんの	4
ぼつぼつ	5
ぼやく	5
ぼやける	5
ぼろ	4
ぼんやり	3
ぽい	4
まあ	3
まあまあ	4
まく	4
まごつく	5
まごまご	4
まさか	3
まさしく	5
まさに	3
まざる	4
まして	5
まじる	4
ますます	3
まず	2
まずい	1
まぜる	4
また	1
またがる	5
またぐ	4
または	2
まだ	1
まちまち	5
まっすぐ	1
まと	5
まとまる	3
まとめる	3
まぶしい	3
まぶた	4
まま	2
まみれ	5
まるっきり	5
まるで	3
みじめ	4
みすぼらしい	5
みたい	4
みっともない	4
みんな	1
むしる	5
めちゃくちゃ	4
めっきり	4
めでたい	4
めまい	4
もう	1
もうすぐ	2
もがく	5
もし	2
もしかしたら	4
もしかして	5
もしかすると	3
もしくは	5
もしも	3
もしもし	1
もたらす	5
もたれる	4
もち	4
もちろん	2
もったいない	3
もっと	1
もてなす	5
もてる	5
もはや	5
もめる	5
もやす	4
もらう	2
もろに	5
やかましい	4
やかん	4
やがて	3
やけに	5
やすい	2
やたらに	4
やっつける	4
やっと	2
やっぱり	4
やはり;やっぱり	2
やむをえない	4
やや	3
ややこしい	5
やりとおす	5
やりとげる	5
やる	1
ゆっくりと	1
ゆとり	5
よく	1
よこす	4
よごす	4
よし	5
よって	5
より	3
よると	2
よろしい	2
よろしく	3
りっぱ	1
ろうそく	4
ろくな	5
わがまま	3
わざと	3
わざわざ	5
アイスクリーム	3
アイデア;アイディア	4
アウト	3
アクセサリー	2
アクセル	5
アクセント	4
アジア	2
アップ	3
アナウンサー	2
アパート	1
アフリカ	2
アプローチ	5
アマチュア	5
アメリカ	2
アラブ	5
アルカリ	5
アルコール	2
アルバイト	2
アルバム	3
アルミ	5
アワー	5
アンケート	3
アンコール	5
アンテナ	4
イェス	5
イコール	4
イメージ	3
インキ	4
インク	3
インタビュー	3
インターチェンジ	5
インターナショナル	5
インターフォン	5
インテリ	5
インフォメーション	5
インフレ	5
ウイスキー	3
ウエートレス	4
ウーマン	4
ウール	4
エアメール	5
エスカレーター	2
エチケット	4
エネルギー	3
エプロン	4
エレガント	5
エレベーター	1
エンジニア	5
エンジン	3
オイル	4
オフィス	3
オリエンテーション	5
オルガン	4
オンライン	5
オーケストラ	4
オートバイ	2
オートマチック	5
オートメーション	4
オーバー	2
カクテル	5
カセット	4
カット	5
カップ	1
カテゴリー	5
カバー	4
カムバック	5
カメラ	1
カメラマン	5
カラー	4
カルテ	5
カレンダー	1
カレー	1
カロリー	4
カンニング	5
カー	3
カーテン	2
カード	3
カーブ	4
カーペット	5
ガイド	5
ガイドブック	5
ガス	2
ガソリン	2
ガソリンスタンド	2
ガム	4
ガラス	2
ガレージ	5
キャッチ	5
キャプテン	3
キャリア	5
キャンパス	4
キャンプ	3
キロ;キログラム	1
キロ;キロメートル	1
ギター	1
ギャング	4
クイズ	5
クラシック	3
クラス	1
クリスマス	3
クリーニング	4
クリーム	3
クレーン	5
クーラー	4
グラス	3
グラム	1
グランド	3
グループ	3
グレー	5
ケーキ	2
ケース	3
ゲスト	5
ゲーム	3
コック	4
コップ	1
コピーする	1
コマーシャル	5
コメント	5
コレクション	4
コンクリート	4
コンクール	4
コンサート	2
コンセント	4
コンタクト	5
コンテスト	3
コントラスト	5
コントロール	5
コンパス	5
コンピュータ;コンピューター	2
コース	4
コーチ	3
コート	1
コード	3
コーナー	5
コーヒー	1
コーラス	4
ゴム	4
ゴール	3
サイクル	5
サイズ	5
サイレン	4
サイン	3
サボる	5
サラダ	2
サラリーマン	4
サンキュー	5
サンタクロース	5
サンダル	2
サンドイッチ	2
サンプル	4
サークル	4
サービス	3
システム	5
シック	5
シナリオ	5
シャッター	4
シャツ	1
シャワー	1
ショック	3
ショップ	4
ショー	5
シリーズ	4
シーズン	4
シーツ	4
シート	5
ジェット機	3
ジャズ	5
ジャム	2
ジャンパー	5
ジャンプ	5
ジャンボ	5
ジャンル	5
ジャーナリスト	4
ジュース	3
ジーパン	5
ジーンズ	3
スイッチ	3
スカート	1
スカーフ	4
スキー	3
スクリーン	2
スクール	4
スケジュール	3
スケート	3
スタイル	3
スタジオ	5
スタンド	3
スター	3
スタート	4
スチュワーデス	4
スチーム	5
ステレオ	2
ステーキ	2
ステージ	4
スト	5
ストッキング	4
ストップ	4
ストライキ	5
ストレス	3
ストロボ	5
ストロー	5
ストーブ	1
スピーカー	4
スピーチ	3
スプリング	5
スプーン	1
スペース	5
スポーツ	1
スポーツカー	5
スマート	4
スライド	4
スラックス	5
スリッパ	4
スーツ	2
スーツケース	2
スーパー	2
スープ	3
ズボン	1
セクション	5
セックス	5
セット	3
セメント	4
セレモニー	5
センス	5
センター	3
センチ	4
セーター	1
セール	5
ゼミ	4
ゼリー	5
ゼロ	1
ソックス	5
ソファー	3
ソフト	2
ソロ	5
ソース	5
タイア	4
タイトル	3
タイピスト	5
タイプ	2
タイプライター	3
タイマー	5
タイミング	5
タイム	5
タイムリー	5
タイル	5
タオル	3
タクシー	1
タレント	5
タワー	5
ダイヤ	3
ダイヤグラム	4
ダイヤモンド	4
ダイヤル	4
ダウン	3
ダブル	4
ダム	4
ダンス	3
ダンプ	5
ダース	5
チェックする	2
チェンジ	5
チップ	4
チャイム	3
チャンス	3
チャンネル	5
チョーク	4
チーズ	3
チーム	3
チームワーク	5
ティシュペーパー	5
テキスト	2
テスト	1
テニス	2
テニスコート	4
テレックス	5
テレビ	1
テント	3
テンポ	4
テーブル	1
テープ	1
テープレコーダー	1
テーマ	4
デコレーション	5
デザイン	3
デザート	3
デッサン	5
デパート	1
デモ	3
デモンストレーション	5
データ	3
デート	3
トイレ	1
トップ	3
トラック	3
トラブル	5
トランジスター	5
トランプ	3
トレーニング	3
トン	3
トンネル	3
トーン	5
ドア	1
ドライ	5
ドライクリーニング	5
ドライバー	5
ドライブ	3
ドライブイン	5
ドラマ	3
ドリル	5
ドレス	3
ナイター	5
ナイフ	1
ナイロン	4
ナプキン	5
ナンセンス	5
ナンバー	4
ニュアンス	5
ニュー	5
ニュース	1
ネガ	5
ネクタイ	1
ネックレス	4
ノイローゼ	5
ノック	3
ノー	3
ノート	1
ハイキング	3
ハンカチ	1
ハンガー	5
ハンサム	3
ハンドル	4
ハンバーグ	2
バイオリン	3
バイバイ	4
バケツ	4
バス	1
バター	1
バック	4
バッグ	3
バッジ	5
バッテリー	5
バット	5
バランス	3
バンド	4
バー	5
パイプ	3
パイロット	3
パジャマ	5
パス	3
パスポート	3
パソコン	2
パターン	4
パチンコ	5
パトカー	5
パパ	2
パン	1
パンク	5
パンツ	4
パーセント	3
パーティー	1
パート	2
ヒント	5
ビジネス	5
ビタミン	4
ビデオ	3
ビニール	4
ビル	2
ビルディング	4
ビール	3
ビールス	5
ピアノ	2
ピクニック	3
ピストル	4
ピン	3
ピンク	4
ファイト	5
ファイル	5
ファスナー	4
ファックス	2
ファン	5
フィルタ	5
フィルム	1
フォーク	1
フォーム	5
フライパン	4
フリー	4
フロント	5
ブザー	5
ブラウス	4
ブラシ	4
ブル	5
ブレーキ	3
ブローチ	4
ブーツ	5
ブーム	5
プラス	3
プラスチック	3
プラットホーム	4
プラン	3
プリント	4
プレゼント	2
プロ	3
プログラム	4
プール	1
ヘリコプター	4
ベスト	5
ベストセラー	5
ベッド	1
ベテラン	4
ベル	2
ベルト	3
ベンチ	3
ベース	5
ペア	5
ペット	1
ペン	1
ペンキ	3
ペンチ	4
ページ	1
ホテル	1
ホース	5
ホーム	3
ホール	5
ボイコット	5
ボタン	1
ボルト	5
ボーイ	3
ボート	3
ボーナス	4
ボール	3
ボールペン	1
ポイント	5
ポケット	1
ポジション	5
ポスター	4
ポスト	1
ポット	5
ポンプ	5
ポーズ	5
マイ	5
マイク	3
マイクロフォン	5
マイナス	3
マスク	4
マスコミ	3
マスター	3
マッサージ	3
マッチ	1
マフラー	4
ママ	3
マラソン	4
マンション	4
マーク	5
マーケット	3
ミシン	4
ミス	3
ミスプリント	5
ミセス	5
ミュージック	5
ミリ	4
ミルク	3
ムード	5
メッセージ	3
メディア	5
メニュー	4
メモ	3
メロディー	5
メンバー	3
メーカー	5
メートル	1
モダン	4
モデル	4
モニター	5
モノレール	4
モーター	4
モーテル	5
ヤング	5
ユニフォーム	5
ユニーク	5
ユーモア	3
ヨット	3
ヨーロッパ	3
ライス	5
ライター	3
ラケット	3
ラジオ	1
ラジオカセ	1
ラッシュアワー	4
ラベル	3
ランチ	4
ランニング	4
ランプ	5
リズム	4
リットル	4
リボン	4
リポート	4
リード	5
ルーズ	5
ルール	3
レインコート	4
レギュラー	5
レクリェーション	4
レコード	1
レジ	2
レジャー	4
レストラン	1
レッスン	5
レディー	5
レバー	5
レベル	3
レポート;リポート	2
レンジ	5
レンズ	4
レンタカー	5
レントゲン	5
レース	5
ロケット	3
ロッカー	4
ロビー	4
ロマンチック	5
ロープ	5
ロープウエイ	5
ローマ字	4
ワイシャツ	1
ワイン	3
ワット	5
ワンピース	4
ワープロ	2
一	1
一つ	1
一人	1
一人一人	3
一休み	4
一体	3
一切	5
一別	5
一同	5
一変	5
一定	4
一家	3
一層	3
一帯	3
一度	2
一度に	3
一律	5
一心	5
一応	4
一息	5
一括	5
一挙に	5
一斉	4
一方	3
一日	1
一旦	4
一昨年	4
一昨日	1
一昨昨日	4
一時	3
一月	1
一杯	2
一概に	5
一様	5
一段と	4
一気	5
一流	4
一生	3
一生懸命	2
一番	1
一目	5
一瞬	3
一種	3
一筋	5
一緒	1
一致	3
一般	3
一見	5
一言	3
一通り	4
一連	5
一部分	5
一面	5
一頃	5
丁寧	2
丁度	1
丁目	4
七	1
七つ	1
七日	1
万	1
万一	3
万人	5
万年筆	1
万歳	4
万能	5
丈	5
丈夫	1
三	1
三つ	1
三味線	5
三日	1
三日月	4
三角	4
上	1
上がり	5
上がる	2
上げる	1
上り	4
上る	3
上下	4
上京	3
上位	5
上司	3
上品	4
上回る	5
上手	1
上旬	4
上昇	5
上演	5
上着	1
上空	5
上等	3
上級	4
上達	3
上陸	5
下	1
下げる	2
下さい	1
下す	3
下り	3
下りる	2
下る	2
下取り	5
下品	4
下地	5
下宿	2
下心	5
下手	1
下旬	4
下書き	4
下水	4
下火	5
下町	4
下痢	5
下着	2
下線	4
下調べ	5
下車	4
下降	4
下駄	4
不	3
不便	2
不利	3
不動産	5
不可	3
不可欠	5
不吉	5
不在	5
不安	3
不審	5
不平	3
不幸	3
不当	5
不思議	3
不意	5
不振	5
不明	5
不景気	5
不服	5
不正	3
不況	5
不満	3
不潔	4
不自由	3
不良	5
不規則	4
不評	5
不調	5
不足	3
不通	3
不運	4
不順	5
与える	3
与党	5
且つ	5
世	3
世の中	3
世代	5
世帯	5
世界	2
世紀	3
世話	2
世論	5
世辞	5
世間	3
丘	3
丘陵	3
両	4
両側	4
両方	2
両替	3
両極	5
両立	5
両親	1
並	3
並びに	5
並ぶ	1
並べる	1
並列	5
並木	4
並行	4
中	1
中々	2
中世	4
中傷	5
中古	3
中味	3
中和	5
中央	3
中学	3
中学校	2
中年	4
中心	3
中性	4
中指	4
中断	5
中旬	4
中枢	5
中止	3
中毒	5
中程	5
中立	5
中継	5
中腹	5
中身	3
中途	4
中間	4
丸	3
丸々	5
丸い;円い	1
丸ごと	5
丸める	5
主	5
主に	3
主人	4
主人公	5
主任	5
主体	5
主催	5
主婦	3
主導	5
主張	3
主役	4
主権	5
主演	5
主義	3
主要	3
主観	5
主語	4
主題	5
主食	5
丼	4
乃至	5
久しい	5
久しぶり	2
乏しい	5
乗せる	3
乗っ取る	5
乗り換え	4
乗り換える	2
乗り物	2
乗り越し	4
乗り込む	5
乗る	1
乗客	3
乗換	4
乗車	4
乙	5
九	1
九つ	1
九日	1
乱す	5
乱れる	5
乱暴	4
乳	5
乾かす	3
乾く	2
乾杯	4
乾燥	3
乾電池	4
了承	5
了解	5
予て	5
予め	5
予備	4
予報	3
予定	2
予想	3
予感	5
予期	3
予測	3
予算	3
予約	2
予習	2
予言	5
予防	3
争い	5
争う	3
事	2
事件	3
事前	5
事務所	2
事実	3
事情	3
事故	2
事柄	5
事業	5
事項	5
二	1
二つ	1
二人	1
二十日	1
二十歳	1
二日	1
云々	5
互い	3
五	1
五つ	1
五十音	4
五日	1
井戸	4
亡くす	3
亡くなる	2
交える	5
交ざる	3
交じる	3
交す	5
交ぜる	3
交わる	5
交互	5
交付	5
交代	4
交差	4
交差点	1
交換	3
交替	4
交流	4
交渉	5
交番	1
交通	2
交通機関	4
交際	3
享受	3
人	1
人事	4
人体	5
人口	2
人命	4
人工	3
人差指	4
人形	2
人影	5
人文科学	4
人材	5
人柄	5
人格	5
人民	5
人気	3
人物	3
人生	3
人目	5
人種	3
人質	5
人込み	3
人通り	4
人造	4
人間	3
人類	3
今	1
今に	3
今にも	3
今回	3
今夜	2
今年	1
今度	2
今後	3
今日	1
今晩	1
今更	5
今月	1
今朝	1
今週	1
介入	5
介抱	5
介護	5
仏	3
仏像	5
仕える	5
仕上	5
仕上がり	5
仕上がる	4
仕上げる	5
仕事	1
仕入れる	5
仕切る	5
仕掛	5
仕掛ける	5
仕方	2
仕方がない	4
仕様	3
仕立てる	5
仕組	5
他	3
他人	3
他動詞	5
他方	5
付	4
付き合い	3
付く	3
付ける	3
付け加える	5
付合う	3
付属	4
付近	4
付録	5
代	2
代える	3
代る	3
代る代る	5
代わり	2
代名詞	4
代弁	5
代理	3
代用	5
代表	3
代金	3
以上	2
以下	2
以内	2
以前	3
以外	2
以後	4
以来	3
以降	4
仮名	4
仮名遣い	4
仮定	3
仰ぐ	5
仲	3
仲人	5
仲直り	4
仲良し	4
仲間	3
件	3
任す	5
任せる	3
任務	5
任命	5
企業	3
企画	5
休み	1
休む	1
休める	5
休学	5
休息	3
休憩	3
休戦	5
休暇	3
休業	4
休講	4
休養	4
会	2
会う	1
会合	3
会員	3
会場	2
会社	1
会見	5
会計	3
会話	2
会談	5
会議	2
会議室	2
会館	4
伜	5
伝える	2
伝わる	3
伝来	5
伝染	4
伝統	3
伝言	3
伝記	4
伝説	5
伝達	5
伯母	4
伯母さん;叔母さん	1
伯父	4
伯父;叔父さん	1
伯父さん	4
伴う	5
伸ばす	3
伸びる	3
伺う	2
似る	2
似合う	3
似通う	5
但し	4
位	3
位置	3
低	4
低い	1
低下	4
住	3
住まい	4
住む	1
住宅	3
住居	4
住所	2
住民	3
体	1
体付き	5
体制	4
体力	5
体操	4
体格	5
体温	3
体積	4
体系	4
体育	3
体裁	5
体重	3
体験	5
何	1
何々	4
何か	3
何しろ	4
何だか	5
何で	3
何でも	3
何とか	3
何とも	4
何分	4
何気ない	5
余り	1
余る	4
余分	3
余地	5
余所	4
余所見	5
余暇	5
余程	5
余興	5
余裕	3
余計	4
作	3
作り	5
作る	1
作品	3
作家	3
作成	4
作戦	5
作文	1
作曲	3
作業	3
作法	3
作物	3
作用	5
作者	4
作製	4
使い道	5
使う	1
使命	5
使用	3
使用人	5
例	3
例え	3
例えば	2
例える	4
例外	3
侍	5
供	3
供給	3
依存	5
依然	3
依頼	3
価値	3
価格	3
侮辱	5
侵す	5
侵入	4
侵略	5
便	3
便り	3
便利	1
便宜	5
便所	4
便箋	4
係	3
係わる	4
促す	5
促進	5
俄	4
保つ	5
保健	4
保存	3
保守	5
保温	5
保管	5
保育	5
保証	3
保護	3
保険	5
保障	3
保養	5
信じる	3
信ずる	4
信仰	3
信任	5
信号	3
信用	3
信者	5
信頼	3
修士	5
修学	5
修正	3
修理	3
修繕	4
修行	5
修飾	3
俳優	3
俳句	4
俺	5
倉庫	4
個	1
個々	3
個人	3
個体	4
個別	5
個性	5
倍	2
倍率	5
倒す	3
倒れる	2
倒産	3
候補	3
借り	3
借りる	1
借金	3
倣う	4
値	3
値する	5
値引き	5
値打ち	5
値段	2
倹約	5
偉い	4
偉大	3
偏見	5
停止	4
停滞	5
停留所	3
停車	4
停電	3
健やか	5
健全	5
健在	5
健康	3
側	1
側面	5
偶	3
偶々	3
偶数	4
偶然	3
偽造	5
傍ら	5
傑作	4
傘	1
備える	3
備え付ける	5
備わる	5
催し	4
催す	5
催促	4
傷	3
傷める	3
傷付く	5
傷付ける	5
傾く	4
傾ける	5
傾らか	4
傾向	3
傾斜	5
僅か	3
働き	3
働く	1
像	3
僕	2
僧	3
儀式	4
億	2
優	3
優しい	2
優れる	3
優位	5
優先	5
優勝	3
優勢	5
優秀	3
優美	5
優越	5
儲かる	4
儲ける	4
元	3
元々	4
元年	5
元日	4
元来	5
元気	1
元素	5
元首	5
兄	1
兄弟	1
充実	5
兆	4
先	1
先々月	4
先々週	4
先だって	5
先代	5
先天的	5
先日	3
先月	1
先生	1
先着	5
先祖	4
先程	4
先端	4
先行	3
先輩	2
先週	1
先頭	4
光	2
光る	2
光景	3
光沢	5
光熱費	5
光線	4
克服	3
免れる	5
免税	4
免許	3
免除	5
兎	3
児童	3
党	3
入る	1
入れる	1
入れ物	4
入口	1
入場	3
入学	2
入手	5
入浴	5
入社	4
入賞	5
入院	2
全	3
全く	3
全て	3
全体	3
全力	4
全員	3
全国	3
全快	5
全滅	5
全然	2
全盛	5
全般	4
全身	3
全部	1
全集	4
八	1
八つ	1
八日	1
八百屋	1
公	5
公共	4
公務	4
公務員	2
公募	5
公団	5
公園	1
公害	4
公平	3
公式	4
公正	3
公演	3
公然	5
公用	5
公立	5
公衆	4
公表	4
公認	5
六	1
六つ	1
六日	1
共に	3
共働き	5
共同	3
共和	5
共存	5
共学	5
共感	5
共産	4
共稼ぎ	5
共通	3
共鳴	5
兵器	5
兵士	5
兵隊	4
具える	3
具わる	5
具体	3
具合	2
典型	3
兼ねる	4
兼業	5
兼用	5
内	2
内乱	5
内容	3
内心	5
内科	4
内緒	5
内線	4
内蔵	5
内訳	5
内部	5
内閣	5
内陸	5
円	1
円周	4
円満	5
円滑	5
冊	1
再	4
再び	3
再三	4
再会	5
再建	5
再来月	2
再来週	2
再現	5
再生	5
再発	5
冒険	3
冒頭	5
冗談	3
写し	5
写す	2
写る	3
写生	4
写真	1
冠	4
冬	1
冬眠	5
冴える	5
冷える	2
冷たい	1
冷ます	3
冷める	3
冷やかす	5
冷やす	3
冷凍	4
冷房	2
冷淡	5
冷蔵	5
冷蔵庫	1
冷酷	5
冷静	3
凄い	2
凌ぐ	5
凍える	4
凍る	3
凝らす	5
凝る	5
几帳面	5
処分	5
処理	3
処置	5
処罰	5
凭れる	4
凶作	5
凸凹	4
凹む	4
出	3
出かける	1
出くわす	5
出す	1
出る	1
出世	5
出会い	3
出会う	3
出入り	4
出入り口	4
出入口	4
出動	5
出勤	4
出口	1
出合い	3
出品	5
出場	3
出席	2
出張	4
出来上がり	4
出来上がる	4
出来事	3
出演	5
出版	3
出現	5
出生	5
出産	5
出発	2
出直し	5
出社	5
出血	5
出費	5
出身	3
出迎え	4
出迎える	4
出題	5
刀	3
刃	5
分	1
分かる	1
分かれる	3
分ける	3
分子	5
分布	4
分担	5
分散	5
分数	4
分析	3
分業	5
分母	5
分裂	5
分解	4
分配	5
分野	3
分量	4
分離	5
分類	4
切っ掛け	4
切ない	5
切り	3
切る	1
切れ	3
切れる	3
切れ目	5
切実	5
切手	1
切替	5
切符	1
切開	5
刈る	3
刊	4
刊行	3
刑	3
刑事	3
刑罰	5
列	3
列島	4
列車	3
初	4
初め;始め	1
初めて	1
初めに	4
初旬	4
初歩	4
初版	5
初級	4
初耳	5
判	3
判事	4
判子	4
判定	5
判断	3
判決	5
別	2
別々	4
別に	3
別れ	3
別れる	2
別荘	4
利口	3
利子	5
利害	4
利息	5
利潤	5
利点	5
利用	2
利益	3
到底	5
到着	3
到達	5
制する	5
制作	4
制定	5
制度	3
制服	5
制約	5
制裁	5
制限	3
刷る	3
券	3
刺さる	3
刺す	3
刺激	3
刺繍	5
刺身	4
刻む	4
剃る	4
剃刀	4
削る	4
削減	5
削除	4
前	1
前もって	3
前例	5
前売	5
前後	4
前提	5
前置き	5
前者	3
前途	5
前進	3
剥がす	4
剥く	3
剥ぐ	5
剥げる	5
剥す	4
副	4
副詞	4
割	5
割と	4
割る	3
割れる	2
割合	2
割合に	4
割引	4
割当	5
割算	4
割込む	5
創作	4
創刊	5
創立	5
創造	3
劇	3
劇団	5
劇場	3
力	2
力強い	4
功績	4
加える	3
加わる	3
加入	5
加味	3
加工	5
加減	3
加熱	4
加速	4
加速度	4
劣る	3
助かる	3
助け	5
助ける	3
助動詞	5
助手	3
助教授	4
助言	5
助詞	3
努めて	5
努める	4
努力	3
励ます	5
励む	5
労働	3
労力	5
効き目	5
効く	3
効力	4
効果	3
効率	5
勇ましい	4
勇敢	5
勇気	3
勉強	1
動かす	3
動き	5
動く	2
動作	4
動力	5
動向	5
動員	5
動揺	3
動機	5
動物	1
動物園	2
動的	5
動詞	3
勘	3
勘定	3
勘弁	5
勘違い	4
務まる	5
務め	3
務める	4
勝	4
勝ち	3
勝つ	2
勝る	5
勝利	5
勝手	5
勝手に	4
勝敗	4
勝負	4
募る	5
募金	5
募集	4
勢い	3
勢力	5
勤め	3
勤める	1
勤め先	5
勤労	5
勤勉	5
勤務	5
勧める	3
勧告	5
勧誘	5
匂い	2
匂う	4
包み	3
包む	2
包丁	4
包帯	4
包装	3
化	4
化ける	5
化合	5
化学	3
化石	5
化粧	3
化繊	5
北	1
北極	4
匙	4
匹	1
匹敵	5
区	2
区分	4
区切り	5
区切る	4
区別	3
区域	4
区画	5
区間	5
医学	2
医師	3
医療	3
医者	1
医院	3
十	1
十分	2
十字路	5
十日	1
千	1
午前	1
午後	1
半	1
半ば	3
半分	1
半島	4
半径	4
半端	5
卑しい	5
卑怯	4
卒業	2
卒直	4
協会	5
協力	3
協定	5
協調	3
協議	3
南	1
南北	4
南極	4
南米	4
単なる	3
単に	3
単一	5
単位	3
単数	4
単独	5
単純	3
単語	3
単調	5
博士	3
博物館	3
占う	4
占める	3
占領	5
印	3
印刷	3
印象	3
印鑑	5
危うい	4
危ない	1
危ぶむ	5
危害	5
危機	5
危険	2
即する	5
即座に	5
却って	4
卵	1
卸す	3
厄介	3
厚い	1
厚かましい	4
原	3
原っぱ	5
原作	5
原典	5
原則	5
原因	2
原型	5
原始	4
原子	5
原形	5
原文	5
原料	4
原書	5
原油	5
原点	5
原爆	5
原理	4
原産	4
原稿	4
厳か	5
厳しい	2
厳密	5
厳重	4
去る	3
去年	1
参る	2
参上	5
参加	3
参照	5
参考	3
参議院	5
及び	5
及ぶ	5
及ぼす	3
友	3
友人	3
友好	3
友情	3
友達	1
双子	3
反	4
反する	5
反る	3
反乱	5
反対	2
反射	5
反応	5
反感	5
反抗	3
反撃	5
反映	4
反発	5
反省	3
反響	5
収まる	5
収める	3
収入	3
収容	5
収支	5
収益	5
収穫	3
収集	5
叔母	4
叔父	4
叔父さん	4
取り上げる	3
取り付ける	5
取り入れる	4
取り出す	4
取り寄せる	5
取り巻く	5
取り戻す	5
取り扱う	5
取り替え	5
取り替える	2
取り次ぐ	5
取り消す	4
取り混ぜる	5
取り立てる	5
取り組む	5
取り締まる	5
取り調べる	5
取り除く	5
取る	1
取れる	3
取引	5
取扱	5
取材	5
取締り	5
受かる	5
受ける	2
受け付ける	5
受け入れ	5
受け入れる	5
受け取る	3
受け持つ	4
受け止める	5
受け継ぐ	5
受付	2
受取	4
受持ち	5
受話器	4
受身	5
受験	4
口	1
口吟む	5
口実	4
口紅	4
口述	5
口頭	5
古	4
古い	1
古代	5
古典	4
古里	4
句	3
句読点	4
叩く	3
只	3
叫び	5
叫ぶ	3
召し上がる	2
召す	5
可	3
可愛い	1
可愛がる	4
可愛そう	3
可愛らしい	3
可決	4
可能	3
台	1
台所	1
台本	5
台無し	5
台詞	4
台風	2
叱る	2
史	4
右	1
叶う	5
叶える	5
号	4
司る	5
司会	4
司法	5
各	4
各々	4
各地	4
各種	5
各自	4
合う	2
合せ	5
合わす	5
合わせる	3
合併	5
合同	4
合唱	5
合図	3
合意	5
合成	5
合格	3
合流	4
合理	4
合致	5
合計	3
合議	5
合間	5
吊す	4
吊り革	5
吊る	4
同	4
同い年	5
同じ	1
同一	3
同僚	3
同士	3
同封	5
同居	5
同志	3
同情	5
同意	5
同感	5
同時	3
同格	4
同様	3
同盟	5
同等	5
同級	5
同調	5
名	3
名人	3
名付ける	5
名作	4
名刺	3
名前	1
名字	4
名所	4
名札	5
名残	5
名物	4
名産	5
名称	5
名簿	5
名詞	3
名誉	5
名高い	5
吐き気	4
吐く	3
向かい	3
向かう	2
向く	3
向け	4
向ける	3
向こう	1
向上	5
君	2
君主	5
吟味	5
吠える	3
否	3
否定	3
否決	5
含む	3
含める	3
吸う	1
吸収	3
吹く	1
吹奏	5
吹雪	4
呆れる	4
呆気ない	5
呆然	5
告げる	5
告白	5
呑気	4
呟く	5
周り	2
周囲	3
周期	5
周辺	4
味	2
味わい	5
味わう	4
味噌	2
味方	3
味覚	5
呼び出す	4
呼び掛ける	4
呼び止める	5
呼ぶ	1
呼吸	3
命	3
命じる	3
命ずる	4
命中	5
命令	3
和	4
和やか	5
和らげる	5
和文	5
和服	4
和英	4
咥える	3
咲く	1
咳	3
哀れ	3
品	3
品物	2
品種	5
品質	5
員	2
哲学	3
唇	4
唯	3
唯一	3
唱える	5
唾	5
商	4
商人	3
商品	3
商売	3
商店	4
商業	4
商社	4
問	4
問い	3
問い合わせ	4
問い合わせる	5
問う	3
問屋	5
問答	4
問題	1
善	3
善し悪し	5
善良	5
喉	2
喜び	3
喜ぶ	2
喜劇	5
喧しい	4
喫茶店	1
営	5
営む	5
営業	3
嗅ぐ	3
嗜好	5
嘆く	5
嘗める	5
嘘	2
嘘つき	5
嘲笑う	5
嘴	5
噂	3
噛み切る	5
噛む	2
器	4
器具	4
器官	3
器械	3
器用	3
噴出	5
噴水	4
噴火	4
囁く	4
四	1
四つ	1
四つ角	4
四季	3
四捨五入	4
四日	1
四角	3
四角い	4
回	1
回す	2
回り道	4
回る	2
回収	5
回復	3
回数	4
回数券	4
回答	4
回覧	5
回路	5
回転	4
回送	5
因る	3
団	4
団体	3
団地	4
団扇	5
団結	5
困る	1
困難	3
囲む	3
図	3
図々しい	4
図る	3
図形	4
図書	3
図書館	1
図表	4
図鑑	4
固まる	4
固める	5
固定	5
固有	5
国	1
国交	5
国会	3
国境	3
国定	5
国家	3
国有	5
国民	3
国王	4
国産	5
国立	4
国籍	3
国語	3
国連	5
国防	5
国際	2
圏	4
園	4
園芸	4
土	3
土俵	5
土台	5
土地	3
土手	5
土曜日	1
土木	5
土産	3
圧倒	5
圧力	5
圧縮	4
圧迫	5
在る	1
在る;有る	3
在学	4
在庫	5
地	3
地下	3
地下水	4
地下鉄	1
地主	5
地位	3
地元	5
地区	3
地名	4
地味	3
地図	1
地域	3
地帯	4
地平線	3
地形	5
地方	3
地点	4
地獄	5
地球	3
地理	2
地盤	4
地質	4
地震	2
地面	4
坂	2
均衡	5
坊さん	4
坊っちゃん	4
坊や	4
垂れる	5
垂直	4
型	3
垢	5
垣根	4
埃	3
埋まる	3
埋める	3
埋め込む	5
埋蔵	5
城	3
城下	5
執着	5
執筆	4
基	3
基づく	3
基地	4
基本	3
基準	4
基盤	4
基礎	4
基金	5
堀	3
堂々	5
堅;硬;固い	2
堅い	3
堤防	5
堪える	4
報じる	5
報ずる	5
報告	3
報道	5
報酬	5
場	3
場合	2
場所	2
場面	3
塀	3
塊	4
塔	3
塗る	2
塞がる	4
塞ぐ	4
塩	1
塩辛	4
塩辛い	4
塵	3
塵取り	5
塵紙	4
塾	5
境	3
境界	4
境遇	5
墓	3
墓地	5
増える	2
増し	5
増す	3
増やす	3
増加	3
増大	4
増強	5
増減	4
増進	5
墜落	5
墨	3
壁	2
壊す	2
壊れる	2
壮大	5
声	1
声明	3
売り上げ	4
売り出し	5
売り出す	5
売り切れ	4
売り切れる	4
売り場	2
売る	1
売れる	3
売れ行き	4
売上	4
売店	4
売行き	4
売買	4
壷	5
変	2
変える	2
変わる	2
変動	5
変化	3
変更	3
変遷	5
変革	5
夏	1
夏休み	1
夕刊	4
夕方	1
夕日	4
夕暮れ	5
夕焼け	5
夕立	4
夕飯	1
外	1
外す	3
外れる	3
外交	3
外出	3
外国	1
外国人	1
外方	5
外来	5
外相	5
外科	4
外観	5
外貨	5
外部	4
多い	1
多分	1
多少	3
多忙	5
多数決	5
多様	5
夜	1
夜中	3
夜具	5
夜明け	3
夜更け	5
夜更し	5
夜行	4
夜間	4
夢	2
夢中	3
大	3
大いに	3
大きい	1
大きな	1
大した	3
大して	4
大丈夫	1
大事	2
大人	1
大人しい	3
大会	3
大体	2
大使	3
大使館	1
大便	5
大凡	4
大分	2
大切	1
大勢	1
大半	3
大変	1
大好き	1
大学	1
大学生	2
大学院	4
大家	3
大小	4
大層	4
大工	4
大幅	5
大戦	3
大抵	2
大方	5
大木	4
大柄	5
大概	5
大気	3
大水	5
大空	5
大筋	5
大統領	3
大胆	5
大臣	3
大衆	5
大通り	4
大部	5
大部分	3
大金	5
大陸	3
天	5
天下	5
天体	5
天候	3
天国	5
天地	5
天才	5
天気	1
天気予報	2
天災	5
天然	3
天皇	4
太い	1
太る	2
太陽	3
太鼓	4
夫	2
夫人	3
夫妻	4
夫婦	3
失う	3
失恋	4
失敗	2
失望	3
失格	5
失業	3
失礼	2
失脚	5
失調	5
奇妙	3
奉る	5
奉仕	5
契機	3
契約	3
奥	3
奥さん	1
奨励	5
奨学金	3
奪う	3
奮闘	5
女	1
女の人	4
女の子	1
女優	3
女史	3
女子	3
女性	2
女房	4
女王	3
奴	5
好き	1
好き好き	4
好き嫌い	4
好ましい	5
好み	3
好む	3
好意	5
好況	5
好評	5
好調	5
妊娠	5
妙	3
妥協	5
妥当	4
妥結	5
妨げる	4
妨害	5
妬む	5
妹	1
妻	2
姉	1
姉妹	3
始まり	3
始まる	1
始めに	4
始める	2
始末	5
始発	5
始終	4
姓	3
姓名	3
委員	3
委託	5
姪	4
姿	3
姿勢	4
威力	5
威張る	4
娘	2
娯楽	4
婉曲	5
婚約	3
婦人	3
婿	5
嫁	3
嫉妬	5
嫌	1
嫌々	5
嫌い	1
嫌う	3
嫌がる	4
嬉しい	2
嬢	5
子	2
子供	1
子孫	4
子息	5
字	2
字体	3
字引	1
存じる	4
存ずる	4
存在	3
存続	5
孝行	4
季刊	3
季節	2
孤児	5
孤独	5
孤立	5
学	3
学ぶ	3
学会	4
学力	4
学問	3
学士	5
学年	4
学期	3
学校	1
学歴	3
学生	1
学科	4
学級	4
学習	3
学者	3
学芸	5
学術	4
学説	5
学部	2
孫	3
宅	3
宇宙	3
守る	3
守備	5
守衛	5
安い	1
安っぽい	5
安全	2
安定	3
安心	2
安易	4
安静	5
完ぺき	5
完了	3
完全	3
完成	3
宗	5
宗教	3
官僚	3
官庁	4
宙返り	5
定まる	5
定める	5
定休日	4
定価	4
定員	4
定年	5
定期	3
定期券	4
定義	5
定規	4
定食	5
宛	5
宛てる	3
宛名	4
宝	3
宝石	3
実	3
実に	3
実は	3
実る	4
実例	4
実力	3
実家	5
実感	4
実態	5
実施	3
実業家	5
実物	4
実現	3
実用	4
実績	4
実習	4
実行	3
実費	5
実践	5
実際	3
実験	3
客	2
客席	4
客観	5
客間	4
宣伝	3
宣教	5
宣言	5
室	4
宮殿	5
害	3
害する	5
宴会	4
家	1
家主	4
家事	3
家具	3
家内	2
家出	5
家屋	4
家庭	1
家族	1
家来	5
家畜	5
家計	5
家賃	3
容器	3
容易	3
容積	4
宿	3
宿命	5
宿泊	3
宿題	1
寂しい	2
寄せる	3
寄り	5
寄り掛かる	5
寄る	2
寄与	5
寄付	3
寄贈	5
密	3
密か	5
密度	5
密接	5
密集	5
富	5
富む	5
富豪	5
寒い	1
寒帯	4
寒気	5
寛容	5
寝かせる	5
寝る	1
寝台	4
寝坊	2
寝巻	4
寝間着	4
察する	5
寧ろ	3
審判	3
審査	5
審議	5
寮	3
寸法	4
寺	2
寺院	4
対	3
対する	3
対処	5
対応	5
対抗	5
対比	5
対決	5
対照	3
対立	4
対等	5
対策	4
対話	5
対談	5
対象	3
対面	5
寿命	4
封	5
封建	5
封筒	1
封鎖	5
専ら	5
専修	5
専制	4
専攻	3
専用	5
専門	2
射す	3
将来	2
将棋	4
尊い	5
尊ぶ	5
尊敬	3
尊重	3
尋ねる	2
導く	5
導入	5
小	3
小さい	1
小さな	1
小便	4
小児科	5
小切手	5
小包	3
小売	5
小学校	2
小学生	4
小屋	3
小指	4
小数	4
小柄	5
小母さん	4
小父さん	4
小説	2
小遣い	4
小銭	3
小鳥	2
小麦	3
少々	3
少し	1
少しも	3
少ない	1
少なくとも	4
少女	3
少年	3
尖る	4
尤も	3
就く	3
就任	4
就業	5
就職	3
尻	3
尽きる	5
尽くす	5
尾	3
尿	5
局	3
局限	5
居る	1
居住	5
居眠り	3
居間	3
屈折	5
届	5
届く	3
届ける	2
屋	1
屋上	2
屋外	4
屋敷	5
屋根	3
屎尿	5
屑	4
展望	5
展示	5
展覧会	2
展開	4
属する	4
履歴	5
山	1
山岳	5
山林	4
山脈	5
山腹	5
岩	3
岩石	5
岬	4
岸	3
峠	4
峰	5
島	2
崇拝	5
崖	5
崩す	4
崩れる	4
崩壊	5
嵐	3
川;河	1
州	3
巡る	4
巡査	4
巣	3
工事	4
工作	5
工員	4
工場	2
工夫	4
工学	5
工業	2
工芸	4
左	1
左利き	5
左右	3
巧み	5
巧妙	5
巨大	3
差	3
差し上げる	2
差し出す	5
差し引き	4
差し掛かる	5
差し支え	4
差し支える	5
差す	1
差別	3
差額	5
巻	4
巻く	3
市	2
市場	3
市民	2
布	3
布告	5
布団	2
布巾	5
希望	3
席	2
帯	3
帯びる	5
帰す	3
帰り	2
帰る	1
帰京	5
帰宅	3
帳	4
常に	3
常識	3
帽子	1
幅	3
幕	3
干し	5
干し物	5
干す	4
干渉	5
平たい	5
平ら	3
平仮名	1
平凡	4
平和	3
平均	3
平常	5
平方	5
平日	4
平気	4
平等	3
平野	4
年	1
年中	3
年代	3
年号	5
年寄	3
年度	4
年月	3
年生	4
年賀	5
年輪	5
年鑑	3
年長	5
年間	3
年頃	5
年齢	3
幸い	3
幸せ	3
幸福	3
幸運	3
幹	5
幹線	5
幹部	5
幼い	3
幼児	4
幼稚	4
幼稚園	4
幽霊	5
幾	4
幾分	4
幾多	5
庁	4
広々	4
広い	1
広がる	3
広げる	3
広さ	4
広まる	3
広める	3
広告	3
広場	4
庇う	5
床	3
床の間	4
床屋	2
底	3
店	1
店員	2
店屋	4
度	1
度忘れ	5
座る	1
座布団	4
座席	3
座敷	4
座標	5
座談会	5
庭	1
庶務	5
庶民	5
廃棄	5
廃止	5
廊下	1
延ばす	3
延びる	3
延べ	5
延期	3
延長	4
建つ	3
建て	2
建てる	2
建前	5
建物	1
建築	3
建設	3
弁	4
弁償	5
弁当	3
弁解	5
弁論	5
弁護	5
式	2
式場	5
弓	5
引きずる	5
引き上げる	5
引き出し	2
引き出す	4
引き分け	4
引き止める	4
引き起こす	5
引き返す	4
引く	1
引っ張る	3
引っ掛かる	4
引っ掻く	5
引っ繰り返す	4
引っ繰り返る	4
引っ越し	4
引っ越す	2
引っ込む	4
引下げる	5
引分け	4
引力	4
引取る	5
引受る	4
引用	3
引算	4
引越し	3
引退	3
弛み	5
弛む	5
弟	1
弟子	4
弱	5
弱い	1
弱まる	3
弱める	3
弱る	5
弱点	4
張り切る	4
張り紙	5
強	5
強い	1
強いて	5
強いる	5
強まる	3
強める	3
強制	5
強力	3
強化	4
強引	4
強気	4
強烈	5
強盗	3
強硬	5
強行	5
強調	3
弾	3
弾く	1
弾む	5
弾力	5
当	5
当たり前	3
当たる	3
当て	5
当てはまる	4
当てはめる	4
当てる	3
当て字	5
当り	3
当人	5
当日	4
当時	3
当然	3
当番	4
当選	5
形	2
形勢	5
形容動詞	4
形容詞	4
形式	4
形態	3
形成	5
彫る	4
彫刻	4
影	3
影響	3
役	3
役に立つ	2
役人	4
役割	3
役場	5
役所	4
役目	4
役者	4
役職	5
彼	2
彼ら	2
彼女	2
往復	4
往診	5
征服	5
待ち合わせ	5
待ち合わせる	4
待ち望む	5
待ち遠しい	5
待つ	1
待合室	4
待望	5
待遇	5
後	1
後ろ	1
後回し	5
後悔	3
後者	3
後輩	3
後退	5
徐々に	3
徐行	5
徒歩	5
従う	3
従事	5
従兄弟	3
従姉妹	3
従来	5
従業員	5
得る	3
得意	3
得点	5
御	2
御世辞	5
御中	4
御免	4
御無沙汰	4
御覧	4
御飯	1
復旧	5
復活	5
復習	2
復興	5
循環	4
微か	5
微塵	5
微妙	3
微笑	5
微笑む	3
微量	5
徴収	5
徹する	5
徹夜	3
徹底	3
心	2
心中	5
心地	5
心強い	5
心当たり	4
心得	5
心得る	4
心情	5
心掛け	5
心掛ける	5
心理	3
心細い	5
心臓	3
心身	4
心配	2
必ず	2
必ずしも	3
必修	5
必死	3
必然	5
必要	2
必需品	4
志	5
志す	5
志向	5
志望	3
忘れる	1
忘れ物	2
忙しい	1
応じる	3
応ずる	4
応募	5
応対	4
応急	5
応接	4
応援	3
応用	4
忠告	5
快い	5
快晴	4
快適	3
念	5
念願	5
怒り	3
怒る	2
怒鳴る	4
怖い	2
思いっきり	4
思いっ切り	4
思い付き	5
思い付く	3
思い出	3
思い出す	2
思い切り	4
思い掛けない	4
思い込む	4
思う	2
思わず	3
思想	3
思考	5
怠ける	3
怠る	4
怠慢	5
急	2
急かす	5
急ぐ	2
急に	3
急激	3
急行	2
急速	3
性	3
性別	4
性格	3
性能	4
性質	3
怪しい	4
怪獣	5
怯える	5
恋	3
恋しい	4
恋する	5
恋人	3
恋愛	5
恐らく	3
恐れ	5
恐れる	3
恐れ入る	5
恐ろしい	3
恐怖	3
恐縮	4
恥	5
恥じらう	5
恥じる	5
恥ずかしい	2
恨み	4
恨む	4
恩	3
恩恵	4
息	3
息子	2
恵まれる	4
恵み	5
恵む	5
悔しい	3
悔やむ	4
悟る	5
悠々	4
患者	3
悩ましい	5
悩ます	5
悩み	5
悩む	3
悪	3
悪い	1
悪しからず	5
悪化	5
悪口	3
悪者	5
悪魔	3
悲しい	2
悲しむ	3
悲劇	3
悲惨	5
悲観	5
悲鳴	5
情	3
情け	5
情勢	5
情報	3
情深い	5
情無い	5
情熱	5
情緒	5
惑星	5
惚ける	5
惜しい	4
惜しむ	5
惨めな	4
想像	3
愉快	3
意	3
意向	5
意味	1
意図	5
意地	3
意地悪	3
意外	3
意志	3
意思	3
意欲	5
意気込む	5
意義	4
意見	2
意識	3
愚か	5
愚痴	5
愛	3
愛する	3
愛情	3
愛想	5
感	4
感じ	3
感じる	3
感ずる	4
感動	3
感度	5
感心	3
感情	3
感想	3
感染	5
感激	4
感無量	5
感覚	3
感触	5
感謝	3
態勢	5
態度	3
慌ただしい	4
慌てる	3
慎重	3
慕う	5
慣らす	3
慣れ	5
慣れる	2
慣例	5
慣習	5
慣行	3
慰める	4
慶ぶ	4
憂鬱	5
憎い	4
憎しみ	5
憎む	4
憎らしい	4
憤慨	5
憧れ	5
憧れる	4
憲法	3
懐かしい	4
懐く	5
懲りる	5
懸命	4
懸賞	5
成り立つ	5
成人	3
成分	4
成功	3
成年	3
成果	5
成熟	5
成立	4
成績	3
成育	5
成長	3
我	4
我々	3
我慢	3
或	3
戦	4
戦い	3
戦う	3
戦争	2
戦力	5
戦災	5
戦術	5
戦闘	5
戯曲	5
戸	1
戸棚	4
戸籍	5
戸締り	5
戻す	3
戻る	2
所	1
所々	4
所在	5
所定	5
所属	5
所得	5
所持	5
所有	5
所為	3
扇ぐ	4
扇子	4
扇風機	4
扉	5
手	1
手ごろ	4
手伝い	3
手伝う	2
手元	5
手入れ	4
手分け	5
手前	4
手品	3
手回し	5
手帳	4
手引	5
手当	5
手拭い	4
手掛かり	5
手掛ける	5
手数	5
手本	5
手段	3
手法	5
手洗い	4
手筈	5
手紙	1
手続き	4
手芸	5
手術	3
手袋	2
手軽	5
手近	5
手遅れ	5
手配	5
手錠	5
手間	3
手際	5
手頃	4
手順	5
手首	4
才能	3
打ち切る	5
打ち明ける	5
打ち消し	5
打ち消す	4
打ち込む	5
打つ	2
打合せ	4
打撃	5
打開	5
払い戻す	4
払い込む	4
払う	2
扱い	5
扱う	3
扶養	5
批判	3
批評	3
承る	4
承知	2
承認	3
承諾	5
技	5
技師	3
技能	5
技術	2
把握	5
抑制	5
抑圧	5
投げる	2
投げ出す	5
投入	5
投書	4
投票	3
投資	5
抗争	5
抗議	5
折	5
折り返す	5
折る	2
折れる	2
折衷	5
折角	4
抜かす	5
抜く	3
抜ける	3
抜け出す	5
抱える	3
抱く	3
抱っこ	5
抵抗	3
押える	3
押さえる	4
押し入れ	2
押し切る	5
押し寄せる	5
押し込む	5
押す	1
抽象	4
抽選	5
担う	5
担ぐ	4
担当	3
担架	5
拍手	3
拒否	5
拒絶	5
拘束	3
招き	5
招く	3
招待	2
拝む	4
拝借	5
拝啓	5
拝見	2
拡充	4
拡大	3
拡張	4
拡散	5
括弧	4
拭く	3
拾う	2
持ち上げる	3
持ち切り	5
持つ	1
持参	4
持続	5
指	2
指す	3
指令	5
指図	5
指定	4
指導	3
指差す	5
指揮	3
指摘	5
指輪	2
挑む	5
挑戦	3
挙げる	3
挟まる	4
挟む	4
挨拶	2
振り	3
振り仮名	4
振り出し	5
振り向く	4
振り返る	5
振る	3
振動	5
振興	3
振舞う	4
挿す	3
捕える	4
捕まえる	2
捕まる	3
捕る	4
捕獲	5
捕虜	5
捕鯨	5
捗る	5
捜す	4
捜査	3
捜索	5
捧げる	5
捨てる	2
捩る	4
捩れる	5
据える	5
据え付ける	5
捲る	3
捻る	4
掃く	3
掃除	1
授ける	5
授業	1
掌	5
排水	5
排除	5
掘る	4
掛	5
掛け	5
掛ける	1
掛け算	4
採る	4
採択	5
採掘	5
採決	5
採点	4
採用	5
採算	5
採集	3
探す	2
探る	4
探検	5
接ぐ	3
接する	4
接続	4
接続詞	5
接触	5
接近	4
控える	5
控室	5
控除	5
推定	4
推測	5
推理	5
推薦	3
推進	5
措置	5
掲げる	5
掲示	3
掲載	5
掴む	3
掻き回す	5
掻く	3
揃い	5
揃う	3
揃える	3
揉む	4
描く	3
描写	5
提供	5
提出	3
提携	5
提案	3
提示	5
揚げる	3
換える	3
換気	4
換算	5
握る	3
握手	3
援助	3
揺さぶる	5
揺らぐ	5
揺れる	2
損	3
損う	5
損失	5
損害	3
損得	4
携わる	5
携帯	3
摘む	3
摩する	5
摩擦	4
撃つ	3
撒く	3
撫でる	4
撮る	1
撮影	4
操る	5
操作	3
操縦	3
擦る	3
擦れる	5
支える	3
支出	3
支店	3
支度	2
支払	3
支払う	3
支持	5
支給	3
支配	3
改まる	5
改めて	4
改める	4
改修	5
改善	3
改定	5
改悪	5
改札	4
改正	4
改良	5
改訂	5
改造	4
改革	5
攻め	5
攻める	3
攻撃	3
放す	3
放り出す	5
放り込む	5
放る	4
放れる	3
放出	5
放射	5
放射能	5
放置	5
放送	2
政党	4
政府	3
政権	5
政治	2
政策	5
故	5
故人	3
故郷	3
故障	2
敏感	5
救い	5
救う	3
救助	3
救援	5
救済	5
敗	3
敗北	5
敗戦	5
教	4
教え	3
教える	1
教わる	3
教会	2
教室	1
教授	3
教材	5
教科	5
教科書	3
教習	5
教職	5
教育	2
教訓	5
教養	4
敢えて	5
散らかす	4
散らかる	4
散らす	3
散る	3
散歩	1
敬う	4
敬具	5
敬意	3
敬語	4
数	3
数える	3
数字	3
数学	2
数詞	5
整う	4
整える	5
整備	4
整列	5
整数	4
整然	5
整理	3
敵	3
敷く	4
敷地	4
文	3
文体	4
文化	2
文化財	5
文句	3
文字	3
文学	2
文房具	4
文明	3
文書	5
文法	2
文献	4
文章	1
文脈	4
文芸	4
文語	5
斑	5
料	4
料理	1
料金	3
斜	4
斜め	4
斜面	5
斡旋	5
斬る	4
断える	5
断つ	3
断る	3
断定	4
断水	4
断然	5
断言	5
断面	5
新しい	1
新た	3
新人	5
新入生	5
新婚	5
新幹線	4
新築	5
新聞	1
新聞社	2
新興	3
新鮮	3
方	1
方々	3
方向	3
方式	5
方法	3
方程式	4
方策	5
方角	4
方言	4
方針	4
方面	4
於いて	5
施す	5
施行	5
施設	5
旅	3
旅券	5
旅客	5
旅行	1
旅館	2
旗	3
既に	3
既婚	5
日	1
日にち	4
日の丸	5
日の入り	4
日の出	4
日中	3
日付	3
日光	3
日取り	5
日向	5
日夜	5
日差し	4
日帰り	4
日常	3
日当たり	4
日日	4
日時	4
日曜日	1
日本	3
日焼け	5
日用品	4
日程	4
日記	2
日課	4
日陰	4
日頃	5
旦那	5
旧	3
旧知	5
早い	1
早める	5
早口	4
早急	5
早速	4
昆虫	5
昇る	3
昇進	5
明かす	5
明かり	3
明くる	4
明ける	3
明け方	4
明らか	3
明るい	1
明後日	1
明日	1
明明後日	4
明朗	5
明白	5
明瞭	5
明確	3
易しい	1
昔	2
星	2
星座	5
映える	3
映す	3
映る	3
映像	5
映写	5
映画	1
映画館	1
春	1
昨	3
昨夜	1
昨日	1
是正	5
是非	2
昼	1
昼休み	2
昼寝	4
昼御飯	1
昼間	2
昼食	3
昼飯	5
時	1
時々	1
時代	2
時刻	3
時刻表	5
時差	5
時折	5
時期	3
時計	1
時速	4
時間	1
時間割	4
時間目	4
晩	1
晩年	5
晩御飯	1
普及	4
普段	3
普通	2
普遍	5
景気	3
景色	2
晴れ	1
晴れる	1
晴天	5
暇	1
暑い	1
暖かい	1
暖まる	3
暖める	3
暖房	2
暗い	1
暗殺	5
暗示	5
暗算	5
暗記	3
暦	5
暮らし	3
暮らす	3
暮れ	3
暮れる	2
暴れる	4
暴力	5
暴動	5
暴露	5
暴風	5
曇り	1
曇る	1
曜日	3
曲げる	4
曲る	1
曲線	4
更ける	4
更に	3
書き取る	5
書く	1
書取	4
書店	4
書斎	3
書物	3
書留	4
書籍	4
書評	5
書道	4
書類	3
替える	3
最	4
最も	2
最中	3
最低	3
最初	2
最善	5
最後	2
最終	3
最近	2
最高	3
月	1
月並	5
月日	4
月曜日	1
月末	4
月給	4
月謝	5
月賦	5
有する	5
有り様	5
有る	1
有利	3
有力	5
有効	3
有名	1
有料	4
有望	5
有機	3
有無	3
有益	5
有能	3
有難い	4
服	1
服装	3
朗らか	4
朗読	5
望ましい	5
望み	3
望む	3
望遠鏡	4
朝	1
朝寝坊	4
朝御飯	1
期	4
期待	3
期日	5
期末	5
期間	3
期限	3
木	1
木曜日	1
木材	4
木綿	2
未	4
未だ	5
未婚	5
未定	5
未来	3
未満	4
未熟	5
未知	5
未練	5
未開	5
末	3
末っ子	4
末期	5
本	1
本人	3
本体	5
本名	5
本国	5
本場	5
本当	1
本文	5
本来	4
本格	5
本棚	1
本気	5
本物	3
本能	5
本質	5
本部	4
本音	5
本館	5
札	3
机	1
朽ちる	5
杉	4
材料	3
材木	4
村	1
杖	5
束	3
束ねる	5
束縛	5
条	4
条件	3
条約	5
来	3
来る	1
来場	5
来年	1
来日	4
来月	1
来週	1
杯	1
東	1
東洋	3
東西	4
松	3
板	3
枕	4
林	2
林業	5
枚	1
枚数	4
果して	4
果たして	4
果たす	5
果て	5
果てる	5
果実	4
果物	1
枝	2
枠	3
枯れる	4
架空	4
柄	3
染まる	5
染みる	5
染める	5
柔らかい	2
柔軟	5
柔道	2
柵	3
栄える	5
栄養	3
栓	4
校	4
校庭	4
校舎	3
校長	2
株	3
株式	5
核	3
根	3
根回し	5
根底	5
根拠	5
根本	5
根気	5
格	3
格別	4
格好	2
格差	5
栽培	5
桁	4
案	3
案じる	5
案の定	5
案内	2
案外	3
桜	3
桟橋	5
梅	3
梅干し	5
梅雨	3
梢	5
梯子	4
棄権	5
棒	3
棚	2
棟	3
森	2
森林	4
椀	3
椅子	1
植える	2
植わる	5
植木	4
植民地	5
植物	3
検事	5
検査	3
検討	3
楕円	4
業	4
業務	5
業績	5
業者	5
極	3
極めて	5
極楽	5
極端	5
楽	3
楽しい	1
楽しみ	2
楽む	2
楽器	3
楽観	5
楽譜	5
概念	5
概略	5
概説	5
概論	4
構いません	4
構える	5
構想	5
構成	3
構造	4
様	2
様々	3
様子	3
様式	5
様相	5
標本	4
標準	4
標語	5
標識	4
模倣	5
模型	5
模様	3
模範	5
模索	5
権利	3
権力	5
権威	5
権限	5
横	1
横切る	3
横断	3
横綱	5
樹木	5
樹立	5
橋	1
橋渡し	5
機	4
機会	2
機嫌	3
機械	3
機構	3
機能	3
機関	3
機関車	4
檻	5
櫛	4
欄	4
欠く	3
欠ける	3
欠乏	5
欠席	3
欠点	3
欠陥	3
次	1
次々	3
次ぐ	3
次第	3
欧米	4
欲	5
欲しい	1
欲張り	4
欲望	5
欲深い	5
欺く	5
歌	1
歌う	1
歌手	3
歌謡	3
歓声	3
歓迎	3
止す	3
止まる	1
止む	2
止める	2
正	3
正しい	2
正体	3
正午	3
正味	4
正常	5
正式	3
正当	5
正方形	4
正月	2
正直	3
正確	3
正義	5
正規	3
正解	5
正門	4
正面	4
武力	5
武器	3
武士	4
武装	5
歩	4
歩く	1
歩み	5
歩む	5
歩道	3
歪む	5
歯	1
歯医者	2
歯磨き	4
歯科	5
歯車	4
歳	1
歴史	2
死	3
死ぬ	1
死亡	3
死体	4
死刑	5
殊に	5
残す	3
残らず	4
残り	3
残る	2
残念	2
残酷	5
残金	5
残高	5
殖やす	3
殴る	3
段	3
段々	1
段階	4
殺す	3
殺人	5
殻	3
殿	4
殿様	5
母	1
母国	5
母校	5
母親	3
毎	4
毎年	1
毎度	4
毎日	1
毎晩	1
毎月	1
毎朝	1
毎週	1
毒	3
比べる	2
比例	5
比率	5
比較	3
比較的	4
比重	5
毛	2
毛布	3
毛皮	4
毛糸	4
氏	3
氏名	4
民主	4
民俗	5
民宿	5
民族	5
民謡	4
民間	4
気	2
気に入る	3
気の毒	3
気まぐれ	5
気を付ける	4
気付く	3
気体	3
気候	3
気兼ね	5
気分	2
気味	3
気品	5
気圧	4
気持ち	2
気流	5
気温	3
気立て	5
気象	5
気質	5
気軽	5
気配	4
気障	5
気風	5
水	1
水分	4
水平	4
水平線	4
水曜	4
水曜日	1
水気	5
水泳	2
水洗	3
水源	5
水準	3
水滴	4
水産	4
水田	5
水着	4
水筒	4
水素	4
水蒸気	4
水道	2
水面	4
氷	3
永久	3
永遠	3
氾濫	5
汁	4
求める	3
汗	3
汚い	1
汚す	3
汚れ	5
汚れる	2
汚染	3
池	1
汲む	3
決	5
決して	2
決まり	3
決まる	2
決める	2
決勝	5
決定	3
決心	3
決意	5
決断	5
決算	5
決行	3
決議	5
汽船	5
汽車	2
沈む	3
沈める	5
沈殿	5
沈没	5
沈黙	5
沖	3
没収	5
没落	5
沢山	1
河	3
河川	5
沸かす	2
沸く	2
沸騰	5
油	3
油断	4
油絵	5
治まる	5
治める	3
治る	2
治安	5
治療	3
沼	5
沿い	4
沿う	3
沿岸	5
沿線	5
泉	3
泊	4
泊まる	2
泊める	3
法	3
法則	4
法学	5
法廷	5
法律	2
法案	5
泡	3
波	3
泣く	2
泥	3
泥棒	2
注	3
注ぐ	3
注す	3
注射	2
注意	2
注文	3
注目	3
泳ぎ	3
泳ぐ	1
洋品店	4
洋服	1
洋風	5
洒落	4
洒落る	5
洗う	1
洗剤	3
洗濯	1
洗面	4
津波	5
洪水	5
活ける	5
活力	4
活動	3
活字	4
活気	3
活用	3
活発	5
活躍	3
派	5
派手	3
派遣	5
流	4
流し	5
流す	3
流れ	3
流れる	3
流域	4
流石	4
流行	3
流行る	3
流通	5
浅い	2
浅ましい	5
浜	5
浜辺	5
浪費	5
浮かべる	4
浮く	4
浮ぶ	4
浮力	5
浮気	5
浴びる	1
浴室	5
浴衣	4
海	1
海外	3
海岸	2
海峡	5
海抜	5
海水浴	4
海洋	4
海流	5
海路	5
海運	5
浸す	5
消える	1
消しゴム	2
消す	1
消化	4
消去	5
消息	5
消極的	4
消毒	4
消耗	4
消費	3
消防	3
消防署	4
涙	3
液	5
液体	4
涼しい	1
涼む	4
淑やか	5
淡水	4
深い	2
深まる	3
深める	3
深刻	3
深夜	4
混ざる	3
混じる	3
混ぜる	3
混乱	3
混合	4
混同	5
混血	5
混雑	3
添う	3
添える	5
清い	4
清ます	5
清む	3
清らか	5
清掃	4
清書	4
清潔	3
清濁	5
清純	5
渇く	3
済	4
済ます	5
済ませる	3
済む	2
渋滞	3
渚	5
減らす	3
減る	3
減少	3
渡す	1
渡り鳥	5
渡る	1
渦	3
温い	1
温かい	3
温まる	3
温める	3
温和	5
温室	4
温帯	4
温度	3
温暖	3
温泉	4
測る	3
測定	4
測量	4
港	2
湖	2
湧く	3
湯	2
湯気	4
湯飲	4
湯飲み	4
湾	3
湿る	3
湿度	3
湿気	3
湿気る	5
満たす	5
満ちる	3
満員	4
満場	5
満月	5
満点	4
満足	3
源	5
準じる	5
準備	2
準急	5
溜まり	5
溜まる	3
溜める	3
溜息	4
溝	5
溶かす	4
溶く	3
溶ける	3
溶け込む	4
溶岩	4
溶液	5
溺れる	3
滅びる	5
滅ぼす	5
滅亡	5
滅多に	3
滑らか	5
滑る	2
滑稽	5
滝	4
滞る	5
滞在	3
滞納	5
滲む	5
滴	4
漁師	4
漁村	5
漁業	4
漁船	5
漂う	5
漏らす	5
漏る	5
漏れる	5
演じる	5
演ずる	5
演出	5
演劇	4
演奏	3
演技	3
演説	3
漠然	5
漢和	4
漢字	1
漢語	5
漫画	2
漬ける	2
漸く	4
潜る	4
潜入	5
潜水	5
潤う	5
潮	5
潰す	4
潰れる	4
澄ます	5
澄む	3
激しい	3
激励	5
激増	4
濁る	4
濃い	3
濃度	4
濠	3
濡らす	3
濡れる	2
濫用	5
濯ぐ	5
瀬戸物	4
灌漑	5
火	2
火事	2
火傷	4
火口	4
火山	4
火星	5
火曜日	1
火災	3
火花	5
灯	3
灯台	4
灯油	4
灰	3
灰皿	1
灰色	4
災害	5
災難	4
炊く	3
炊事	4
炎	3
炒める	3
炒る	4
炭素	5
炭鉱	4
点	2
点々	4
点く	2
点数	4
点検	5
点線	5
為	2
為す	4
為る	3
為替	4
焚く	3
焚火	5
無	3
無くす	1
無くなる	2
無し	3
無事	3
無効	5
無口	5
無地	4
無念	5
無意味	5
無数	4
無料	3
無断	5
無沙汰	4
無理	2
無用	5
無知	5
無礼	5
無線	5
無能	5
無茶	5
無茶苦茶	5
無視	3
無言	5
無論	5
無邪気	5
無闇に	5
無限	4
無難	5
無駄	3
無駄遣い	5
焦がす	4
焦げる	4
焦げ茶	5
焦る	5
焦点	4
焼く	2
焼ける	2
煉瓦	4
煌々と	5
煎る	4
煙	3
煙い	4
煙たい	5
煙る	5
煙突	4
照らす	4
照り返す	5
照る	4
照合	5
照明	3
煩わしい	5
煮える	3
煮る	3
熟語	4
熱	2
熱い	1
熱する	4
熱中	3
熱帯	3
熱心	2
熱意	5
熱湯	5
熱量	5
燃える	3
燃やす	3
燃料	5
燃焼	5
爆弾	5
爆発	3
爆破	5
爪	4
父	1
父母	4
父親	3
片	5
片付く	3
片付け	3
片付ける	2
片仮名	1
片寄る	4
片言	5
片道	4
版	3
版画	5
牛	3
牛乳	1
牛肉	1
牧場	4
牧師	5
牧畜	4
物	1
物事	3
物体	5
物価	3
物凄い	4
物好き	5
物差し	4
物理	3
物置	4
物語	3
物語る	4
物議	5
物資	5
物質	3
物足りない	5
物音	3
物騒	4
特に	2
特別	2
特売	4
特定	4
特徴	3
特急	2
特技	5
特有	5
特権	5
特殊	4
特派	5
特産	5
特色	4
特許	5
特長	3
特集	5
犠牲	5
犬	1
犯す	5
犯人	3
犯罪	3
状態	3
状況	3
狂	5
狂う	3
狙い	4
狙う	4
狡い	4
狩り	3
独り	3
独り言	4
独創	5
独占	5
独特	3
独立	3
独自	5
独裁	5
独身	3
狭い	1
猛烈	5
猫	1
献立	4
猿	3
獣	5
獲得	5
獲物	5
玄人	5
玄関	1
率	3
率いる	5
率直	4
玉	3
王	3
王女	4
王子	3
王様	3
玩具	5
珍しい	2
班	3
現	4
現す	3
現に	4
現れ	3
現れる	3
現代	3
現像	5
現在	3
現地	5
現場	3
現実	3
現状	3
現行	5
現象	3
現金	3
球	3
球根	5
理屈	5
理性	5
理想	3
理由	2
理科	4
理解	3
理論	5
琴	3
環境	3
瓦	4
瓶	3
瓶詰	4
甘い	1
甘える	5
甘やかす	4
甘口	5
甚だ	5
甚だしい	4
生	3
生える	3
生かす	5
生きる	2
生き物	3
生き生き	4
生き甲斐	5
生ける	5
生け花	4
生じる	3
生ずる	4
生まれ	3
生まれつき	5
生まれる	1
生やす	3
生る	3
生命	3
生地	3
生存	4
生年月日	3
生徒	1
生意気	4
生意気な	4
生死	5
生活	2
生涯	3
生温い	5
生物	3
生理	3
生産	2
生真面目	5
生育	5
生臭い	5
生計	5
生身	5
生長	3
産	4
産む	3
産休	5
産出	5
産地	4
産婦人科	5
産後	5
産業	2
産物	5
用	2
用いる	3
用事	2
用件	5
用品	5
用心	3
用意	2
用法	5
用紙	5
用語	4
用途	4
田	3
田ぼ	4
田園	5
田植え	4
田舎	2
甲	5
申し上げる	2
申し入れる	5
申し出る	5
申し分	5
申し訳	3
申し訳ない	4
申し込む	3
申す	2
申出	5
申告	3
申請	4
申込	5
男	1
男の人	3
男の子	1
男子	3
男性	2
町	1
画	4
画家	3
界	5
畑	3
留まる	4
留める	3
留学	3
留学生	1
留守	2
留守番	4
畜生	5
畜産	5
略す	4
略奪	5
略語	5
番	1
番号	1
番地	4
番目	4
番組	2
異	3
異なる	3
異動	3
異常	3
異性	5
異見	5
異論	5
異議	5
畳	2
畳む	3
疑う	3
疑問	3
疑惑	5
疲れ	3
疲れる	1
疲労	5
病	4
病む	5
病気	1
病院	1
症	5
症状	3
痛い	1
痛み	3
痛切	5
痛感	5
痩せる	2
癌	3
癖	3
発	4
発作	5
発売	4
発射	3
発展	3
発想	4
発掘	5
発揮	4
発明	3
発生	5
発病	5
発育	5
発芽	5
発行	3
発表	3
発見	3
発言	5
発足	5
発車	3
発達	3
発電	4
発音	2
登る	1
登場	4
登山	3
登校	5
登録	5
白	1
白い	1
白状	5
白髪	4
百	1
百科事典	4
的確	4
皆	2
皆さん	1
皇居	5
皮	3
皮肉	4
皮膚	4
皿	3
盆	4
盆地	4
盗む	2
盗難	4
盛り	3
盛り上がる	5
盛る	4
盛ん	2
盛大	5
盛装	5
監督	3
監視	5
目	1
目上	3
目下	4
目付き	5
目印	4
目安	4
目指す	4
目方	5
目標	3
目次	4
目的	3
目盛	5
目立つ	4
目覚し	4
目覚しい	5
目覚める	5
目論見	5
目途	5
目録	5
盲点	5
直	3
直す	2
直ちに	3
直に	3
直る	2
直前	4
直径	4
直後	4
直感	5
直接	3
直流	4
直線	4
直角	4
直通	4
直面	5
相	3
相互	4
相場	5
相変わらず	3
相対	5
相当	3
相応	5
相手	3
相撲	4
相続	3
相談	2
相違	4
盾	3
省	4
省く	3
省みる	5
省略	3
眉	5
看板	4
看病	4
看護	5
看護婦	2
県	3
県庁	4
真っ二つ	5
真っ先	4
真っ暗	4
真っ白	4
真っ赤	3
真っ青	4
真っ黒	4
真ん丸い	5
真ん円い	5
真ん前	5
真上	5
真下	5
真中	2
真似	3
真似る	4
真剣	3
真実	5
真心	5
真珠	5
真理	3
真相	5
真空	4
真面目	2
眠い	2
眠たい	5
眠る	2
眺め	3
眺める	3
眼球	5
眼科	5
眼鏡	1
着	4
着々	4
着く	1
着ける	3
着せる	4
着る	1
着工	5
着席	5
着手	5
着替え	4
着替える	4
着物	2
着目	5
着色	5
着陸	5
着飾る	5
睡眠	3
睨む	4
瞬き	5
瞬間	3
瞳	4
矛盾	4
矢	5
矢印	4
知らせ	3
知らせる	2
知り合い	4
知る	1
知事	3
知人	4
知合い	3
知性	5
知恵	3
知的	5
知能	3
知識	3
短	4
短い	1
短大	5
短所	4
短期	4
短歌	5
短気	5
短波	5
短編	4
短縮	5
石	2
石油	3
石炭	3
石鹸	1
砂	2
砂利	5
砂漠	3
砂糖	1
研ぐ	5
研修	4
研究	2
研究室	2
砕く	4
砕ける	4
破く	4
破る	3
破れる	3
破壊	5
破損	5
破棄	5
破片	4
破産	3
破裂	5
硬い	3
硬貨	3
碁	3
碁盤	5
碑	3
碗	3
確か	2
確かめる	3
確保	5
確信	5
確定	5
確実	3
確率	4
確立	5
確認	3
磁器	3
磁気	3
磁石	4
磨く	1
示す	3
礼	3
礼儀	3
社	4
社交	5
社会	2
社会科学	4
社宅	5
社説	4
社長	2
祈り	5
祈る	2
祖先	4
祖母	2
祖父	2
祝い	3
祝う	3
祝日	4
祝賀	5
神	3
神様	4
神殿	5
神社	2
神秘	5
神経	3
神聖	5
神話	4
票	3
祭	3
祭る	4
祭日	4
禁じる	5
禁止	3
禁煙	3
禁物	5
禅	3
福	3
福祉	5
私	1
私有	5
私物	5
私用	3
私立	4
私鉄	4
秋	1
科	4
科学	2
科目	3
秒	3
秘密	3
秘書	5
秤	4
秩序	5
称する	5
移る	2
移住	5
移動	3
移民	5
移行	5
移転	4
稀	4
程	2
程度	3
税	3
税務署	5
税金	3
税関	4
種	3
種々	5
種類	3
稲	3
稲光	5
稼ぐ	3
稽古	4
穀物	3
穂	5
積む	3
積もる	3
積極的	3
穏やか	3
穴	3
究極	5
空	1
空き	3
空く	2
空しい	5
空っぽ	4
空ろ	5
空中	4
空想	4
空気	2
空港	2
空腹	5
空間	5
突き当たり	4
突き当たる	4
突く	3
突っ張る	5
突っ突く	5
突っ込む	4
突如	5
突然	3
突破	5
窒息	5
窓	1
窓口	4
窮乏	5
窮屈	5
立ち上がる	3
立ち去る	5
立ち寄る	5
立ち止まる	4
立つ	1
立てる	2
立て替える	5
立体	5
立場	3
立方	5
立法	5
章	3
童話	4
童謡	3
端	3
競争	2
競技	3
競馬	4
竹	4
竿	5
笑い	3
笑う	2
笑顔	3
笛	3
符号	4
第	4
筆	3
筆者	4
筆記	4
等	4
等しい	3
等分	4
等級	5
筋	3
筋肉	3
筒	5
答	2
答える	1
答案	3
策	3
箇所	4
箇条書	5
箒	4
算数	4
算盤	4
管	3
管理	3
箱	1
箸	1
節	3
節約	3
範囲	3
築く	3
簡単	2
簡易	5
簡潔	5
簡素	5
籠	3
籠もる	5
米	2
粉	3
粉々	5
粉末	5
粋	3
粒	4
粗	3
粗い	4
粗末	3
粗筋	4
粘り	5
粘る	5
粥	5
精々	3
精密	5
精巧	3
精神	3
精算	3
糊	4
糸	2
系	4
系統	4
約	3
約束	2
紅茶	1
紅葉	4
納まる	5
納める	3
納入	5
納得	3
紐	3
純情	4
純粋	4
紙	1
紙屑	4
紙幣	4
級	3
紛らわしい	5
紛れる	5
紛争	5
紛失	5
素	3
素っ気無い	5
素人	4
素早い	5
素晴らしい	2
素朴	5
素材	5
素直	4
素質	4
紡績	5
索引	4
紫	4
細い	1
細かい	2
細やか	5
細工	5
細胞	5
細菌	5
紳士	5
紹介	2
紺	4
終える	3
終る	1
終わり	2
終了	4
終始	5
終日	5
終点	4
組	3
組み合わせる	5
組み立てる	4
組み込む	5
組む	3
組合	3
組合せ	4
組織	3
経つ	3
経る	3
経営	3
経度	4
経歴	5
経済	2
経由	3
経緯	3
経費	5
経路	5
経過	5
経験	2
結び	5
結び付き	5
結び付く	5
結び付ける	5
結ぶ	3
結合	5
結婚	1
結局	3
結成	5
結晶	5
結束	5
結果	3
結核	5
結構	1
結論	3
絞る	4
絡む	5
給う	5
給与	4
給仕	5
給料	3
給食	5
統一	4
統制	5
統合	5
統治	5
統率	5
統計	4
絵	1
絵の具	4
絵画	3
絶えず	4
絶える	5
絶対	3
絶滅	3
絶版	5
絹	2
継ぐ	3
継目	5
継続	4
続々	4
続き	3
続く	2
続ける	2
維持	3
綱	4
網	5
綴じる	3
綺麗	1
綻びる	5
綿	3
緊張	3
緊急	5
総	4
総会	5
総合	5
総理大臣	4
緑	1
線	2
線路	4
締める	1
締め切り	4
締め切る	4
締切	4
編み物	4
編む	4
編集	4
緩い	4
緩む	5
緩める	5
緩やか	5
緩和	5
緯度	4
練る	5
練習	1
縁	3
縁側	5
縁談	5
縄	3
縛る	4
縞	4
縫う	4
縮まる	5
縮む	4
縮める	4
縮れる	4
縮小	4
繁栄	5
繁殖	5
繁盛	5
繊維	5
繋がり	4
繋がる	3
繋ぐ	3
繋げる	3
織る	3
織物	5
繕う	5
繰り返す	3
纏まり	5
纏め	5
缶	3
缶詰	4
罪	3
置く	1
罰	5
罰する	3
署	5
署名	3
罵る	5
罹る	3
羊毛	4
美	5
美しい	2
美人	3
美味しい	1
美容	4
美術	5
美術館	2
群	3
群がる	5
群れ	4
群衆	5
群集	5
羨ましい	3
羨む	4
義務	3
義理	5
羽	3
羽根	3
翌	4
習う	1
習字	4
習慣	2
翻訳	2
翼	3
老い	3
老いる	5
老ける	5
老人	3
老衰	5
考え	3
考える	2
考古学	5
考慮	3
者	3
耐える	5
耕す	4
耕作	5
耕地	4
耳	1
耳鼻科	5
耽る	5
聖書	5
聞き取り	5
聞く	1
聞こえる	2
聳える	5
聴覚	5
聴診器	5
聴講	5
職	3
職人	4
職務	5
職員	5
職場	4
職業	3
肉	1
肉体	5
肉親	5
肌	3
肌着	4
肘	4
肝心	5
肝腎	5
股	3
肩	3
肯定	4
育ち	5
育つ	3
育てる	2
育児	4
育成	5
肺	3
胃	3
背	1
背く	5
背中	2
背広	1
背後	5
背景	5
背負う	4
胡椒	3
胴	5
胸	3
能	3
能力	3
能率	4
脂	3
脂肪	3
脅かす	4
脅す	5
脅迫	5
脆い	5
脇	3
脈	5
脚本	5
脚色	5
脱ぐ	1
脱する	5
脱出	5
脱線	4
脱退	5
脳	3
腐る	3
腐敗	5
腕	2
腕前	5
腫れる	5
腰	3
腰掛	4
腰掛け	4
腰掛ける	4
腸	5
腹	3
腹立ち	5
腿	5
膜	3
膝	3
膨らます	4
膨らむ	4
膨れる	5
膨大	4
膨張	5
膳	3
臆病	5
臨む	3
臨時	4
自ずから	5
自ら	4
自主	5
自分	1
自動	3
自動車	1
自在	5
自宅	4
自尊心	5
自己	3
自慢	3
自我	5
自殺	3
自治	4
自然	3
自然科学	4
自由	2
自立	5
自習	4
自衛	4
自覚	5
自身	3
自転	5
自転車	1
自首	5
臭い	3
至る	3
至急	3
致す	2
興じる	5
興味	2
興奮	3
興業	5
舌	3
舗装	5
舞う	5
舞台	3
舟	2
航海	3
航空	3
船	4
船便	4
船舶	5
艘	4
良い	3
良し	5
良好	5
良心	5
良識	5
良質	5
色	1
色々	1
色彩	5
艶	4
芝	5
芝居	3
芝生	3
芯	4
花	1
花びら	5
花壇	5
花嫁	4
花火	4
花瓶	1
花粉	5
花見	2
芸	5
芸能	4
芸術	3
芽	3
苗	5
若々しい	4
若い	1
若干	5
苦	3
苦い	2
苦しい	3
苦しむ	3
苦労	3
苦心	4
苦情	4
苦手	3
苦痛	3
英和	4
英字	5
英文	4
英語	1
英雄	5
茂る	4
茎	5
茶	3
茶の湯	5
茶の間	5
茶碗	1
茶色	1
茶色い	4
茹でる	3
草	2
草履	4
荒い	4
荒っぽい	5
荒らす	5
荒れる	4
荒廃	3
荷	5
荷物	1
荷造り	5
莫大	3
菌	3
菓子	3
華々しい	5
華やか	5
華奢	5
萎びる	5
萎む	4
落し物	4
落す	2
落ち着き	5
落ち込む	5
落る	2
落下	5
落着く	4
落第	4
落葉	5
葉	2
葉書	1
著	5
著しい	5
著す	3
著名	5
著書	5
著者	3
葬る	5
葬式	4
蒔く	3
蒸し暑い	3
蒸す	3
蒸気	4
蒸溜	5
蒸発	4
蓄える	4
蓄積	5
蓋	4
蔵	5
蔵相	5
蕎麦	3
蕾	5
薄い	1
薄める	4
薄弱	5
薄暗い	4
薬	1
薬品	4
薬局	4
薬指	4
藁	5
蘇る	4
虎	3
虫	2
虫歯	3
虹	4
蚊	3
蛇口	4
蛋白質	5
蛍光灯	4
蜂蜜	5
蝶	5
融資	5
融通	5
血	2
血圧	4
血液	3
血管	3
衆	3
衆議院	5
行	4
行い	5
行う	2
行き	3
行き違い	5
行く	1
行っていらっしゃい	4
行ってらっしゃい	4
行事	4
行儀	3
行列	4
行動	3
行政	5
行方	4
行為	5
行進	5
街	3
街角	4
街道	5
街頭	5
衛星	3
衝撃	5
衝突	3
衣料	3
衣服	3
衣装	5
衣類	5
衣食住	4
表	2
表す	3
表情	3
表現	3
表示	3
表紙	4
表面	3
衰える	5
袋	3
袖	3
被せる	4
被る	3
被害	3
裁く	3
裁判	3
裁縫	4
裂く	3
裂ける	3
装備	5
装置	3
装飾	5
裏	2
裏切る	3
裏口	4
裏返し	5
裏返す	4
補う	4
補償	3
補充	5
補助	5
補強	5
補給	5
補足	5
裸	3
裸足	5
製	2
製作	4
製品	3
製法	5
製造	3
製鉄	5
裾	5
複写	4
複合	5
複数	4
複雑	2
褒める	2
褒美	5
襖	4
襟	5
襲う	5
襲撃	5
西	1
西日	5
西暦	4
西洋	2
要する	5
要するに	3
要る	1
要因	5
要旨	4
要望	5
要求	3
要点	3
要素	3
要請	5
要領	4
覆う	3
覆す	5
覆面	5
見える	2
見せびらかす	5
見せる	1
見せ物	5
見つかる	2
見つける	2
見なす	5
見る	1
見上げる	4
見下ろす	4
見事	3
見出し	4
見合い	5
見合わせる	5
見地	5
見学	4
見当	3
見慣れる	4
見掛け	4
見掛ける	3
見晴らし	5
見本	4
見渡す	5
見物	2
見直す	4
見積もり	5
見習う	5
見舞い	3
見舞う	4
見苦しい	5
見落とす	5
見解	3
見計らう	5
見詰める	4
見込み	5
見送り	3
見送る	4
見逃す	5
見通し	5
規制	3
規則	2
規定	5
規律	4
規格	5
規模	5
規準	4
規範	5
規約	5
視察	5
視点	3
視覚	3
視野	5
覗く	3
覚え	5
覚える	1
覚ます	3
覚める	3
覚悟	3
親	2
親しい	3
親しむ	5
親切	2
親友	3
親善	5
親戚	3
親指	4
親父	5
親類	4
観	3
観光	3
観客	3
観察	3
観念	4
観測	4
観点	5
観衆	5
観覧	5
角	1
角度	4
解く	3
解ける	3
解剖	5
解放	4
解散	4
解決	3
解答	4
解説	4
解釈	3
解除	5
触る	2
触れる	3
言い付ける	4
言い出す	4
言い訳	5
言う	1
言わば	3
言付け	5
言付ける	4
言葉	1
言葉遣い	4
言語	3
言論	5
訂正	5
計	3
計る	3
計器	3
計画	2
計算	3
討つ	3
討論	5
討議	5
訓	3
訓練	3
記す	5
記事	3
記入	3
記号	4
記名	5
記念	3
記憶	3
記者	3
記載	5
記述	5
記録	3
訪ねる	2
訪れる	5
訪問	3
設ける	5
設備	3
設定	5
設立	5
設置	5
設計	3
許す	3
許可	3
許容	5
訳	2
訳す	3
訴え	5
訴える	3
訴訟	5
診る	3
診察	3
診断	4
診療	5
証	5
証拠	5
証明	3
証言	5
詐欺	5
評価	3
評判	3
評論	4
試し	3
試す	3
試み	5
試みる	5
試合	2
試験	2
詩	3
詩人	3
詫び	5
詫びる	4
詰まる	4
詰める	3
詰る	5
話	1
話し合い	4
話し合う	3
話し掛ける	4
話す	1
話中	4
話合い	4
話題	3
該当	5
詳しい	3
詳細	5
誇り	3
誇る	5
誇張	5
認める	3
認識	5
誓う	4
誕生	3
誕生日	1
誘う	3
誘導	5
誘惑	5
語	1
語る	3
語句	3
語学	3
語彙	5
語源	5
誠	5
誠に	5
誠実	5
誤り	3
誤る	5
誤差	5
誤解	3
説	3
説く	3
説得	5
説明	2
読み	3
読み上げる	5
読む	1
読書	3
誰	1
誰か	1
課	3
課外	5
課程	3
課税	4
課長	2
課題	3
調べ	5
調べる	2
調停	5
調印	5
調味料	4
調和	5
調子	3
調整	4
調査	3
調理	5
調節	4
請求	3
論	4
論じる	3
論ずる	4
論争	3
論文	3
論理	5
論議	5
諦め	5
諦める	3
諮る	3
諸	4
諸君	5
諺	3
謎	3
謎謎	4
謙虚	4
謙遜	4
講堂	2
講師	4
講演	3
講義	2
講習	5
講読	5
謝る	2
謝絶	5
謹む	5
警備	4
警告	3
警官	1
警察	2
警戒	5
警部	5
議事堂	5
議会	3
議員	3
議案	5
議決	5
議論	3
議長	3
議題	5
譲る	3
譲歩	5
護衛	5
谷	3
豆	3
豊か	3
豊作	5
豊富	3
豚肉	1
象	3
象徴	5
豪華	3
貝	3
貝殻	5
負う	3
負かす	5
負け	3
負ける	2
負債	5
負傷	5
負担	5
財	5
財布	1
財政	5
財源	5
財産	3
貢献	3
貧しい	3
貧乏	5
貧困	5
貧弱	5
貨幣	5
貨物	4
販売	3
貫く	5
貫禄	5
責める	3
責任	3
責務	5
貯蓄	5
貯蔵	4
貯金	3
貴い	5
貴族	5
貴重	3
買い物	1
買う	1
貸し	3
貸し出し	4
貸す	1
貸家	4
貸間	4
費	4
費やす	5
費用	3
貼る	1
貿易	2
賃金	5
賄う	5
資料	4
資本	3
資格	3
資源	3
資産	5
資金	5
賑わう	5
賛成	3
賛美	5
賜る	5
賞	3
賞品	3
賞金	4
賠償	5
賢い	3
賢明	5
質	3
質問	1
質疑	5
質素	5
賭	5
賭ける	3
購入	5
購読	5
購買	5
贅沢	3
贈り物	2
贈る	3
赤	1
赤い	1
赤ちゃん	2
赤らむ	5
赤ん坊	2
赤字	5
赤道	4
走る	1
走行	5
赴く	5
赴任	5
起きる	1
起こす	2
起こる	3
起伏	5
起床	4
起源	3
起点	5
超	5
超える	3
超す	3
超過	4
越える	3
越す	3
趣	5
趣味	2
趣旨	5
足	4
足;脚	1
足し算	5
足す	2
足りる	2
足る	4
足元	4
足袋	3
足跡	4
跡	3
跡継ぎ	5
跨ぐ	4
跳ねる	4
踊り	2
踊る	2
踏まえる	5
踏み込む	5
踏む	2
踏切	4
蹴る	3
蹴飛ばす	5
躓く	4
身	3
身なり	5
身の上	5
身の回り	5
身体	3
身分	4
身振り	5
身近	5
身長	3
躾	5
躾ける	5
車	1
車庫	4
車掌	4
車輪	4
軌道	5
軍	3
軍事	5
軍備	5
軍服	5
軍艦	5
軍隊	3
軒	2
軒並	5
軟らかい	4
転々	4
転がす	4
転がる	4
転じる	5
転ずる	5
転ぶ	3
転任	5
転勤	5
転回	5
転居	5
転換	5
転校	3
転落	5
軸	5
軽い	1
軽快	5
軽減	5
軽率	5
軽蔑	5
載せる	3
載る	3
輝く	3
輪	3
輸入	2
輸出	2
輸血	4
輸送	4
辛い	1
辛抱	5
辞める	3
辞典	2
辞書	1
辞職	5
辞退	3
辟易	5
農地	5
農場	5
農家	3
農村	4
農業	3
農民	3
農産物	4
農耕	5
農薬	4
辺	1
辺り	3
込む	2
込める	5
辿り着く	5
辿る	5
迅速	5
迎え	3
迎える	2
近々	4
近い	1
近く	1
近付ける	4
近代	3
近寄る	4
近所	2
近眼	5
近視	3
近郊	5
近頃	3
返す	1
返事	2
返済	5
返答	5
返還	5
迫る	4
迫害	5
述べる	3
述語	4
迷う	3
迷信	4
迷子	3
迷惑	3
追いかける	4
追い付く	3
追い出す	5
追い越す	4
追い込む	5
追う	3
追加	4
追及	5
追放	5
追跡	5
退く	3
退ける	4
退化	5
退学	3
退屈	3
退治	5
退職	5
退院	2
送り仮名	4
送る	2
送別	4
送料	4
送金	5
逃がす	4
逃げる	2
逃げ出す	5
逃す	5
逃れる	5
逃亡	5
逃走	5
逆	3
逆さ	4
逆らう	3
逆様	4
逆立ち	5
逆転	5
透き通る	4
透明	4
途上	5
途中	2
途端	3
途絶える	5
這う	4
通	4
通う	2
通じる	3
通す	3
通ずる	4
通り	2
通り掛かる	4
通り過ぎる	3
通る	2
通信	3
通勤	3
通学	3
通帳	4
通常	5
通用	4
通知	4
通行	3
通訳	3
通貨	3
通路	4
通過	3
速い	1
速力	4
速度	3
速達	4
造り	5
造船	4
連なる	5
連ねる	5
連れ	3
連れる	2
連中	5
連休	5
連合	4
連帯	5
連想	3
連日	5
連盟	5
連絡	2
連続	3
連邦	5
逮捕	3
週	3
週間	1
進み	5
進む	2
進める	3
進出	5
進化	5
進呈	5
進学	3
進展	5
進度	5
進歩	3
進行	3
逸れる	4
遂げる	5
遂に	3
遅い	1
遅くとも	5
遅らす	5
遅れ	3
遅れる	2
遅刻	3
遊び	2
遊ぶ	1
遊園地	4
遊牧	5
運	3
運ぶ	2
運動	2
運命	5
運営	5
運搬	5
運河	4
運用	5
運賃	5
運転	2
運転手	2
運輸	5
運送	5
遍	4
過ぎる	2
過ごす	3
過ち	5
過剰	4
過労	5
過半数	4
過去	3
過失	4
過密	5
過疎	5
過程	3
道	1
道具	2
道場	5
道徳	3
道路	3
道順	4
達する	3
達成	5
達者	5
違い	3
違いない	3
違う	1
違える	5
違反	3
遠い	1
遠く	2
遠ざかる	5
遠回り	5
遠慮	2
遠方	5
遠足	4
遡る	4
遣い	4
遥か	5
適する	3
適切	3
適宜	5
適度	3
適当	2
適応	5
適性	5
適用	3
適確	4
遭う	3
遭難	5
遮る	5
選ぶ	2
選手	3
選択	3
選挙	3
選考	3
遺跡	5
避ける	3
避難	5
還元	5
還暦	5
邪魔	2
邸宅	5
郊外	2
郡	3
部	4
部下	5
部分	3
部品	4
部屋	1
部長	2
部門	5
部首	4
郵便	3
郵便局	1
郵送	4
郷土	5
郷愁	5
郷里	5
都	2
都会	3
都合	2
都市	3
都心	4
酌む	3
配る	4
配偶者	5
配分	5
配列	5
配布	5
配慮	5
配給	5
配置	5
配達	3
酒	3
酒場	4
酔う	3
酔っ払い	4
酢	3
酪農	5
酸	5
酸化	3
酸性	3
酸素	3
醜い	4
醤油	1
重	4
重い	1
重たい	4
重なる	3
重ねる	3
重んじる	5
重んずる	5
重体	3
重力	4
重大	3
重宝	5
重役	4
重点	4
重複	5
重要	3
重視	3
重量	4
野	3
野党	3
野外	5
野心	5
野生	5
野菜	1
量	3
量る	3
金	3
金属	3
金庫	3
金曜日	1
金槌	5
金融	3
金銭	3
金額	3
金魚	4
釘	4
釜	4
針	3
針路	4
針金	4
釣	3
釣り合う	4
釣り鐘	5
釣る	2
鈍い	4
鈍る	5
鈍感	5
鈴	4
鉄	3
鉄棒	5
鉄橋	4
鉄砲	4
鉄道	3
鉄鋼	5
鉛	5
鉛筆	1
鉢	4
鉱山	5
鉱業	5
鉱物	4
銀	3
銀行	1
銃	3
銅	4
銅貨	3
銘々	4
鋭い	3
錆	4
錆びる	4
錯誤	5
録音	4
鍋	3
鍛える	5
鍵	1
鎖	3
鏡	2
鐘	3
鑑賞	4
長	4
長々	5
長い	1
長女	4
長官	5
長引く	4
長所	4
長方形	4
長期	3
長男	4
長短	4
長編	5
門	1
閉じる	3
閉まる	1
閉める	1
閉会	4
閉口	5
閉鎖	5
開く	1
開ける	1
開会	4
開催	5
開始	3
開拓	5
開放	4
開発	5
開通	4
間	2
間に合う	2
間もなく	4
間も無く	4
間接	4
間柄	5
間違い	3
間違える	2
間隔	3
関する	3
関与	5
関係	2
関心	3
関東	4
関税	5
関西	4
関連	3
閲覧	5
闇	5
防	4
防ぐ	3
防止	4
防火	5
防犯	4
防衛	5
阻む	5
阻止	5
附属	4
降りる	1
降る	1
降ろす	3
降伏	3
降水	5
限り	4
限る	3
限定	5
限度	4
限界	3
陣	5
除く	3
除外	5
陰	3
陰気	5
陳列	5
陶器	5
陸	3
険しい	4
陽射	4
陽気	3
隅	2
隊	3
階	1
階層	5
階段	1
階級	5
随分	2
随筆	4
隔たる	5
隔てる	4
隔週	5
隙	4
隙間	4
際	3
障る	5
障子	4
障害	3
隠す	3
隠れる	3
隠居	5
隣	1
雄	5
集	4
集まり	3
集まる	2
集める	2
集中	3
集会	4
集合	4
集団	3
集計	5
集金	4
雇う	3
雌	5
雑	5
雑巾	4
雑木	5
雑誌	1
雑談	5
雑貨	5
雑音	4
雛	5
雛祭	5
離す	3
離れる	3
離婚	3
難	3
難い	4
難しい	1
雨	1
雨具	5
雨天	5
雨戸	4
雪	1
雪崩	5
雫	5
雰囲気	3
雲	2
零	1
零点	4
雷	3
電力	4
電報	2
電子	3
電柱	4
電気	1
電池	4
電波	4
電流	4
電源	5
電灯	2
電球	4
電話	1
電車	1
需要	3
震える	3
震わせる	5
霜	3
霞む	5
霧	3
霰	5
露	3
露骨	5
青	1
青い	1
青少年	4
青年	3
青春	5
青白い	4
静か	1
静まる	4
静止	5
静的	5
非	4
非常	3
非常に	2
非行	3
非難	5
面	3
面する	5
面会	5
面倒	3
面倒臭い	4
面接	3
面白い	1
面目	5
面積	4
革	3
革命	5
革新	5
靴	1
靴下	1
鞠	5
音	2
音楽	1
音色	5
響き	4
響く	4
頂上	3
頂点	4
項目	4
順	3
順々	4
順序	4
順番	3
順調	3
預かる	3
預ける	3
預金	5
頑丈	5
頑固	5
頑張る	2
領	4
領事	4
領収	4
領土	5
領地	5
領域	5
領海	5
頬	3
頭	1
頭痛	3
頭脳	4
頻繁	5
頼む	1
頼もしい	4
頼る	3
題	3
題する	5
題名	3
額	3
顎	5
顔	1
顔付き	5
顕微鏡	4
願い	3
願う	3
願書	5
類	5
類似	5
類推	5
顧みる	5
風	1
風俗	5
風呂敷	4
風土	5
風景	3
風習	5
風船	4
風車	5
風邪	1
飛ばす	3
飛び出す	3
飛び込む	4
飛ぶ	1
飛行	3
飛行場	2
飛行機	1
食い違う	5
食う	3
食べる	1
食べ物	1
食事	2
食卓	3
食品	3
食器	4
食堂	1
食塩	4
食料	3
食料品	2
食欲	3
食物	3
食糧	3
飢える	4
飢饉	4
飯	3
飲み物	1
飲み込む	5
飲む	1
飴	1
飼う	3
飼育	5
飽きる	3
飽くまで	4
飽和	5
飾り	3
飾る	2
餅	4
養う	5
養分	4
養護	5
餌	3
館	4
首	2
首相	3
首脳	5
首輪	5
首都	3
首飾り	5
香り	3
香水	4
香辛料	5
馬	3
馬鹿	3
馴々しい	5
馴らす	3
馴れる	3
駄作	5
駅	1
駆けっこ	5
駆ける	3
駆け足	5
駐車	3
駐車場	2
騒々しい	4
騒がしい	4
騒ぎ	3
騒ぐ	2
騒動	5
騒音	3
騙す	3
驚かす	4
驚き	3
驚く	2
驚異	5
骨	3
骨折	3
骨董品	5
高	4
高い	1
高まる	3
高める	3
高価	3
高原	5
高尚	5
高層	4
高度	4
高校;高等学校	2
高校生	2
高等	4
高等学校	4
高級	4
高速	3
髪	2
髪の毛	3
鬼	3
魂	5
魅力	3
魚	1
鮮やか	5
鳥	1
鳥居	5
鳴く	1
鳴らす	3
鳴る	2
鶏肉	1
麓	4
麻	5
麻痺	5
麻酔	5
黄色	1
黄色い	1
黄金	5
黒	1
黒い	1
黒字	5
黒板	3
黙る	3
鼠	3
鼻	1
